지점,지점명,일시,기온(°C),강수량(mm),풍속(m/s),풍향(16방위),습도(%),증기압(hPa),이슬점온도(°C),현지기압(hPa),해면기압(hPa),일조(hr),일사(MJ/m2),전운량(10분위),중하층운량(10분위),최저운고(100m )
108,서울,2021-01-01 1:00,-8.7,,2.4,270,68,2.2,-13.5,1016.4,1027.7,,,0,0,
108,서울,2021-01-01 2:00,-9.1,,1.6,270,69,2.1,-13.7,1016.2,1027.5,,,0,0,
108,서울,2021-01-01 3:00,-9.3,,1.1,250,70,2.1,-13.7,1016.8,1028.1,,,0,0,
108,서울,2021-01-01 4:00,-9.3,,0.3,0,71,2.2,-13.5,1016.2,1027.5,,,0,0,
108,서울,2021-01-01 5:00,-9.7,,1.9,20,72,2.1,-13.8,1015.6,1026.9,,,0,0,
108,서울,2021-01-01 6:00,-9.7,,2,50,75,2.2,-13.3,1015.4,1026.7,,,7,7,12
108,서울,2021-01-01 7:00,-9.3,,1.6,50,71,2.2,-13.5,1015.6,1026.9,,,6,6,16
108,서울,2021-01-01 8:00,-9.3,,1.6,50,72,2.2,-13.4,1015.8,1027.1,0,0,1,1,18
108,서울,2021-01-01 9:00,-8.6,,2.5,20,74,2.4,-12.4,1016.1,1027.4,0.6,0.27,1,1,18
108,서울,2021-01-01 10:00,-6.1,,1.1,50,68,2.6,-11,1016.4,1027.6,1,0.76,1,1,10
108,서울,2021-01-01 11:00,-3.2,,1.7,70,55,2.7,-10.9,1015.5,1026.5,1,1.4,0,0,
108,서울,2021-01-01 12:00,-1.1,,2.1,200,52,2.9,-9.7,1014.8,1025.7,0.9,1.74,8,8,9
108,서울,2021-01-01 13:00,-0.2,,3,250,56,3.4,-7.9,1014,1024.9,0.7,1.61,5,5,9
108,서울,2021-01-01 14:00,1.4,,1.6,200,53,3.6,-7.1,1013.2,1024,0.8,1.61,1,1,10
108,서울,2021-01-01 15:00,1.2,,2.6,270,52,3.5,-7.5,1013.3,1024.1,1,1.43,4,1,11
108,서울,2021-01-01 16:00,-0.2,,3.8,270,58,3.5,-7.4,1013.6,1024.5,0.1,0.42,3,3,18
108,서울,2021-01-01 17:00,-0.7,,1.8,250,61,3.5,-7.3,1013.6,1024.5,0.4,0.28,3,3,17
108,서울,2021-01-01 18:00,-1.4,,2.1,250,68,3.8,-6.5,1013.6,1024.5,0,0.02,3,3,15
108,서울,2021-01-01 19:00,-1.5,,2.4,250,70,3.8,-6.2,1013.6,1024.5,,,1,1,17
108,서울,2021-01-01 20:00,-1.6,,2.5,270,73,4,-5.8,1013.8,1024.7,,,8,7,15
108,서울,2021-01-01 21:00,-1.6,,2.3,270,66,3.6,-7.1,1014.3,1025.2,,,8,8,15
108,서울,2021-01-01 22:00,-1.8,,2.5,270,63,3.4,-7.9,1014.7,1025.7,,,8,8,15
108,서울,2021-01-01 23:00,-2.6,,1.9,250,55,2.8,-10.4,1014.9,1025.9,,,0,0,
108,서울,2021-01-02 0:00,-3.4,,2.5,320,55,2.6,-11.1,1015,1026,,,0,0,
108,서울,2021-01-02 1:00,-4.1,,2.3,320,39,1.8,-16,1015.1,1026.2,,,0,0,
108,서울,2021-01-02 2:00,-5,,2.7,270,42,1.8,-15.9,1015.5,1026.6,,,0,0,
108,서울,2021-01-02 3:00,-5.8,,1.9,270,45,1.8,-15.8,1015.8,1026.9,,,0,0,
108,서울,2021-01-02 4:00,-6.3,,1.7,290,45,1.7,-16.3,1015.8,1027,,,0,0,
108,서울,2021-01-02 5:00,-6.6,,1.1,320,40,1.5,-17.9,1016,1027.2,,,0,0,
108,서울,2021-01-02 6:00,-6.6,,2.7,320,35,1.3,-19.5,1016.2,1027.4,,,0,0,
108,서울,2021-01-02 7:00,-7.4,,1.5,290,38,1.3,-19.3,1016.6,1027.8,,,0,0,
108,서울,2021-01-02 8:00,-8.3,,1.3,270,41,1.3,-19.2,1017.1,1028.4,0,0,0,0,
108,서울,2021-01-02 9:00,-7.6,,2,270,39,1.4,-19.1,1017.9,1029.1,0.9,0.3,0,0,
108,서울,2021-01-02 10:00,-6,,2.3,320,35,1.4,-19,1018.6,1029.8,1,0.88,0,0,
108,서울,2021-01-02 11:00,-5.3,,3.2,290,32,1.3,-19.4,1019,1030.1,1,1.46,0,0,
108,서울,2021-01-02 12:00,-3.2,,3,270,33,1.6,-17.2,1018.7,1029.8,1,1.81,0,0,
108,서울,2021-01-02 13:00,-2.3,,2.5,290,31,1.6,-17.1,1018.3,1029.3,1,1.95,0,0,
108,서울,2021-01-02 14:00,-1.5,,4.4,250,31,1.7,-16.4,1018.1,1029.1,1,1.87,0,0,
108,서울,2021-01-02 15:00,-2.3,,5.2,290,33,1.7,-16.4,1017.9,1028.9,1,1.57,0,0,
108,서울,2021-01-02 16:00,-1.7,,3.4,290,34,1.8,-15.5,1018.2,1029.2,1,1.05,0,0,
108,서울,2021-01-02 17:00,-2.3,,4.5,270,35,1.8,-15.7,1018.9,1029.9,1,0.41,0,0,
108,서울,2021-01-02 18:00,-3.2,,2.7,250,39,1.9,-15.2,1019.5,1030.6,0.1,0.04,0,0,
108,서울,2021-01-02 19:00,-3.8,,2.8,270,50,2.3,-12.7,1020,1031.1,,,0,0,
108,서울,2021-01-02 20:00,-4.2,,2.9,320,41,1.8,-15.5,1020.5,1031.6,,,0,0,
108,서울,2021-01-02 21:00,-5,,2.3,290,39,1.6,-16.8,1020.4,1031.6,,,0,0,
108,서울,2021-01-02 22:00,-5.5,,2.8,320,42,1.7,-16.4,1020.6,1031.8,,,0,0,
108,서울,2021-01-02 23:00,-6.1,,1.9,270,45,1.7,-16.1,1020.8,1032,,,0,0,
108,서울,2021-01-03 0:00,-6.6,,3.8,290,45,1.7,-16.5,1021.5,1032.7,,,0,0,
108,서울,2021-01-03 1:00,-7.3,,2.4,270,48,1.7,-16.4,1022,1033.3,,,0,0,
108,서울,2021-01-03 2:00,-7.7,,2,270,50,1.7,-16.3,1022.6,1033.9,,,0,0,
108,서울,2021-01-03 3:00,-8,,2.2,250,51,1.7,-16.3,1022.8,1034.1,,,0,0,
108,서울,2021-01-03 4:00,-8.3,,1.6,270,52,1.7,-16.4,1022.9,1034.2,,,0,0,
108,서울,2021-01-03 5:00,-8.8,,1,270,53,1.7,-16.6,1022.6,1033.9,,,0,0,
108,서울,2021-01-03 6:00,-9,,1.3,270,53,1.6,-16.8,1023.4,1034.8,,,0,0,
108,서울,2021-01-03 7:00,-8.7,,1.1,290,54,1.7,-16.3,1023.6,1035,,,0,0,
108,서울,2021-01-03 8:00,-8.7,,0.9,230,58,1.8,-15.4,1023.7,1035.1,0,0,0,0,
108,서울,2021-01-03 9:00,-7.6,,1.8,250,57,2,-14.6,1024.1,1035.4,0.8,0.28,0,0,
108,서울,2021-01-03 10:00,-5.7,,2.6,290,46,1.8,-15.5,1024,1035.2,1,0.86,0,0,
108,서울,2021-01-03 11:00,-4.2,,1.9,270,39,1.7,-16.1,1023.6,1034.8,1,1.45,0,0,
108,서울,2021-01-03 12:00,-3.1,,2.9,270,33,1.6,-17.1,1023.2,1034.3,1,1.78,7,7,10
108,서울,2021-01-03 13:00,-2.4,,3.1,290,30,1.5,-17.6,1022.9,1034,0.9,1.62,7,7,11
108,서울,2021-01-03 14:00,-2.3,,3.6,290,30,1.6,-17.5,1022.7,1033.8,0.3,1.21,8,2,12
108,서울,2021-01-03 15:00,-2.4,,3.7,290,33,1.7,-16.5,1022.2,1033.3,0.2,0.76,8,0,
108,서울,2021-01-03 16:00,-2.3,,2.5,270,35,1.8,-15.7,1022.1,1033.2,0,0.48,9,0,
108,서울,2021-01-03 17:00,-2.6,,1.9,270,36,1.8,-15.6,1022.2,1033.3,0.3,0.33,6,0,
108,서울,2021-01-03 18:00,-3.6,,2.1,270,40,1.9,-15.2,1022.2,1033.3,0,0.03,5,0,
108,서울,2021-01-03 19:00,-4.4,,1.1,200,41,1.8,-15.7,1022.4,1033.6,,,0,0,
108,서울,2021-01-03 20:00,-4.9,,1.4,290,43,1.8,-15.5,1023,1034.2,,,0,0,
108,서울,2021-01-03 21:00,-5.3,,0.7,270,45,1.9,-15.3,1023.3,1034.5,,,3,3,13
108,서울,2021-01-03 22:00,-5.9,,1.1,290,50,2,-14.6,1023.1,1034.3,,,0,0,
108,서울,2021-01-03 23:00,-5.3,,3.2,340,44,1.8,-15.6,1022.8,1034,,,0,0,
108,서울,2021-01-04 0:00,-6.2,,0.5,290,48,1.8,-15.4,1023.1,1034.3,,,0,0,
108,서울,2021-01-04 1:00,-6.5,,1.3,340,49,1.8,-15.4,1023.2,1034.4,,,0,0,
108,서울,2021-01-04 2:00,-7,,0.5,250,51,1.8,-15.4,1023.3,1034.6,,,0,0,
108,서울,2021-01-04 3:00,-7.1,,0.9,290,54,1.9,-14.8,1023.2,1034.5,,,0,0,
108,서울,2021-01-04 4:00,-7.4,,1.3,20,56,2,-14.6,1023,1034.3,,,0,0,
108,서울,2021-01-04 5:00,-8.1,,1.7,50,52,1.7,-16.2,1023,1034.3,,,0,0,
108,서울,2021-01-04 6:00,-8.1,,2.2,70,47,1.6,-17.4,1022.3,1033.6,,,0,0,
108,서울,2021-01-04 7:00,-8.3,,2.4,50,51,1.7,-16.6,1022.2,1033.5,,,0,0,
108,서울,2021-01-04 8:00,-8.1,,2.3,50,48,1.6,-17.2,1022.5,1033.8,0,0,0,0,
108,서울,2021-01-04 9:00,-7.6,,2.5,50,48,1.7,-16.7,1022.6,1033.9,0.3,0.2,4,4,10
108,서울,2021-01-04 10:00,-5.6,,1.3,50,43,1.7,-16.2,1022.9,1034.1,0.8,0.56,0,0,
108,서울,2021-01-04 11:00,-3,,2.4,50,40,2,-14.7,1022.4,1033.5,1,1.17,2,2,16
108,서울,2021-01-04 12:00,-1.5,,2.4,50,40,2.2,-13.3,1021.2,1032.2,1,1.59,0,0,
108,서울,2021-01-04 13:00,-0.6,,1.9,90,41,2.4,-12.2,1020,1031,1,1.67,0,0,
108,서울,2021-01-04 14:00,-0.4,,1.6,50,40,2.4,-12.3,1019.2,1030.1,0.4,1.05,6,6,16
108,서울,2021-01-04 15:00,0,,1.6,360,40,2.4,-12,1019.2,1030.1,0,0.58,9,9,14
108,서울,2021-01-04 16:00,0.2,,1.3,200,42,2.6,-11.2,1018.9,1029.8,0.1,0.39,9,9,14
108,서울,2021-01-04 17:00,-0.3,,1.2,270,51,3,-9.2,1018.5,1029.4,0,0.2,8,8,13
108,서울,2021-01-04 18:00,-0.9,,1,50,52,3,-9.5,1018.1,1029.1,0,0.03,7,7,11
108,서울,2021-01-04 19:00,-0.9,,1.8,70,49,2.8,-10.2,1017.8,1028.8,,,10,9,10
108,서울,2021-01-04 20:00,-0.7,,0.7,200,51,3,-9.6,1017.8,1028.7,,,10,9,9
108,서울,2021-01-04 21:00,-0.5,,2.3,90,57,3.4,-7.9,1017.4,1028.3,,,9,9,9
108,서울,2021-01-04 22:00,-0.6,,2.6,320,54,3.2,-8.7,1017.8,1028.7,,,9,9,9
108,서울,2021-01-04 23:00,-1.3,,1,50,69,3.8,-6.2,1018,1029,,,9,9,9
108,서울,2021-01-05 0:00,-2.1,0,2.4,50,73,3.8,-6.2,1018.1,1029.1,,,9,9,
108,서울,2021-01-05 1:00,-2.5,,0.5,110,75,3.8,-6.3,1018.3,1029.3,,,9,9,9
108,서울,2021-01-05 2:00,-2.5,,1.4,340,77,3.9,-5.9,1018.3,1029.3,,,9,9,9
108,서울,2021-01-05 3:00,-2.5,0,1,250,76,3.9,-6.1,1017.9,1028.9,,,9,9,12
108,서울,2021-01-05 4:00,-2.7,,2.2,290,78,3.9,-6,1018,1029,,,9,9,12
108,서울,2021-01-05 5:00,-3.9,,2.7,320,82,3.8,-6.5,1018.2,1029.3,,,4,4,11
108,서울,2021-01-05 6:00,-4.2,0,3.7,320,80,3.6,-7.1,1018.6,1029.7,,,8,8,14
108,서울,2021-01-05 7:00,-4.8,,2.5,290,77,3.3,-8.2,1019.7,1030.8,,,3,3,16
108,서울,2021-01-05 8:00,-5.6,,3.1,270,75,3,-9.3,1020.8,1032,0,0.01,3,3,7
108,서울,2021-01-05 9:00,-5.8,0,3.3,320,67,2.7,-10.9,1021.4,1032.6,0.8,0.28,0,0,
108,서울,2021-01-05 10:00,-5.2,,3.9,290,46,1.9,-15,1021.6,1032.8,1,0.82,0,0,
108,서울,2021-01-05 11:00,-4.6,,4.4,290,36,1.6,-17.4,1021.7,1032.9,1,1.45,2,0,
108,서울,2021-01-05 12:00,-4.6,,4.4,290,33,1.4,-18.4,1020.8,1031.9,1,1.82,1,0,
108,서울,2021-01-05 13:00,-4.1,,4.8,290,34,1.5,-17.6,1019.7,1030.8,1,1.98,1,0,
108,서울,2021-01-05 14:00,-4.2,,4.3,290,33,1.5,-18.1,1018.8,1029.9,0.9,1.69,2,0,
108,서울,2021-01-05 15:00,-3.8,,4.2,250,35,1.6,-17,1018.7,1029.8,0.7,0.74,3,0,
108,서울,2021-01-05 16:00,-3.6,,3.3,290,33,1.6,-17.5,1018.4,1029.5,1,1.15,0,0,
108,서울,2021-01-05 17:00,-4.5,,3.6,270,31,1.4,-19.1,1018.1,1029.2,1,0.48,0,0,
108,서울,2021-01-05 18:00,-5.7,,2.8,320,34,1.4,-19,1018.4,1029.6,0.2,0.04,0,0,
108,서울,2021-01-05 19:00,-6.5,,1.9,290,39,1.5,-18.2,1019.3,1030.5,,,0,0,
108,서울,2021-01-05 20:00,-7.1,,3.6,340,41,1.5,-18.1,1019.3,1030.5,,,0,0,
108,서울,2021-01-05 21:00,-7.6,,4.9,320,43,1.5,-18,1019.2,1030.5,,,0,0,
108,서울,2021-01-05 22:00,-8.5,,2.5,290,51,1.6,-16.8,1018.9,1030.2,,,0,0,
108,서울,2021-01-05 23:00,-9.5,,0.9,230,53,1.6,-17.3,1018.7,1030,,,0,0,
108,서울,2021-01-06 0:00,-9.9,,1.8,270,54,1.6,-17.4,1018.8,1030.2,,,0,0,
108,서울,2021-01-06 1:00,-10.3,,1.8,270,57,1.6,-17.2,1018.5,1029.9,,,0,0,
108,서울,2021-01-06 2:00,-10.6,,1.9,270,57,1.6,-17.4,1018.4,1029.8,,,0,0,
108,서울,2021-01-06 3:00,-11.1,,1.7,290,61,1.6,-17.1,1018.5,1029.9,,,0,0,
108,서울,2021-01-06 4:00,-11.2,,1.3,290,64,1.7,-16.6,1017.8,1029.2,,,0,0,
108,서울,2021-01-06 5:00,-11.6,,1.3,340,64,1.6,-17,1017,1028.4,,,0,0,
108,서울,2021-01-06 6:00,-11.7,,0.8,290,62,1.6,-17.5,1017,1028.4,,,0,0,
108,서울,2021-01-06 7:00,-11.9,,2.2,20,61,1.5,-17.9,1016.7,1028.1,,,0,0,
108,서울,2021-01-06 8:00,-11.7,,2.4,20,64,1.6,-17.1,1016.6,1028,0,0,0,0,
108,서울,2021-01-06 9:00,-10.7,,1.4,50,62,1.7,-16.5,1017,1028.4,1,0.32,0,0,
108,서울,2021-01-06 10:00,-8.2,,1.6,200,53,1.7,-16.1,1017.2,1028.5,1,0.84,0,0,
108,서울,2021-01-06 11:00,-7,,2.4,270,46,1.7,-16.6,1016.3,1027.5,1,1.5,0,0,
108,서울,2021-01-06 12:00,-6,,2.3,360,37,1.5,-18.3,1014.9,1026,1,1.89,0,0,
108,서울,2021-01-06 13:00,-4.6,,3,270,30,1.3,-19.5,1013.5,1024.6,1,2.04,0,0,
108,서울,2021-01-06 14:00,-3.6,,3.1,270,26,1.2,-20.3,1011.6,1022.6,1,1.95,0,0,
108,서울,2021-01-06 15:00,-2.3,,1.9,230,26,1.3,-19.2,1011,1021.9,1,1.64,0,0,
108,서울,2021-01-06 16:00,-2.2,,2.9,200,25,1.3,-19.6,1010.5,1021.4,1,1.13,0,0,
108,서울,2021-01-06 17:00,-3.2,,2.6,180,27,1.3,-19.5,1009.7,1020.7,1,0.44,0,0,
108,서울,2021-01-06 18:00,-3.7,,2.7,200,28,1.3,-19.6,1008.7,1019.7,0.1,0.03,10,3,15
108,서울,2021-01-06 19:00,-4.2,,3.4,200,60,2.7,-10.8,1008.3,1019.3,,,10,8,10
108,서울,2021-01-06 20:00,-5.5,,1.7,160,87,3.5,-7.3,1007,1018,,,10,9,2
108,서울,2021-01-06 21:00,-5.1,2.2,2,230,89,3.7,-6.6,1006.7,1017.7,,,10,8,6
108,서울,2021-01-06 22:00,-4.7,,3.5,250,77,3.3,-8.1,1005.8,1016.8,,,9,9,9
108,서울,2021-01-06 23:00,-5.6,,3.4,250,76,3.1,-9.1,1005.9,1016.9,,,9,9,6
108,서울,2021-01-07 0:00,-8.3,0.1,6.4,290,72,2.4,-12.4,1008.6,1019.8,,,9,9,
108,서울,2021-01-07 1:00,-9.6,,4.4,270,75,2.2,-13.2,1009.6,1020.8,,,8,8,4
108,서울,2021-01-07 2:00,-11.6,,5,290,54,1.4,-19,1011.4,1022.7,,,8,4,21
108,서울,2021-01-07 3:00,-13.2,,5.6,320,55,1.2,-20.3,1012.6,1024,,,0,0,
108,서울,2021-01-07 4:00,-14.3,,3.4,290,59,1.2,-20.5,1013,1024.5,,,0,0,
108,서울,2021-01-07 5:00,-15,,5.6,270,56,1.1,-21.8,1013.4,1024.9,,,3,3,10
108,서울,2021-01-07 6:00,-15.6,,5.5,290,58,1.1,-22,1014.3,1025.8,,,6,6,8
108,서울,2021-01-07 7:00,-16.1,,5.3,270,55,1,-23,1015.1,1026.7,,,0,0,
108,서울,2021-01-07 8:00,-16.4,,4.3,270,55,0.9,-23.3,1015.5,1027.1,0,0.01,2,2,10
108,서울,2021-01-07 9:00,-16.2,,2.8,270,56,1,-22.9,1016.8,1028.4,0.8,0.31,1,1,10
108,서울,2021-01-07 10:00,-15.3,,5.4,270,50,0.9,-23.4,1017.5,1029.1,1,0.92,0,0,
108,서울,2021-01-07 11:00,-14.8,,,,48,0.9,-23.3,1016.9,1028.5,,,0,0,
108,서울,2021-01-07 12:00,-13.8,,,,45,0.9,-23.2,1016.4,1027.9,,,0,0,
108,서울,2021-01-07 13:00,-13.1,,4.2,290,42,0.9,-23.3,1015.6,1027.1,,,0,0,
108,서울,2021-01-07 14:00,-12.4,,4.4,290,40,0.9,-23.2,1015.5,1026.9,1,2.03,0,0,
108,서울,2021-01-07 15:00,-12.4,,4.8,290,38,0.9,-23.8,1015.6,1027,1,1.72,0,0,
108,서울,2021-01-07 16:00,-12.3,,4.6,290,37,0.9,-24,1015.8,1027.2,1,1.2,0,0,
108,서울,2021-01-07 17:00,-13,,4.5,270,38,0.9,-24.3,1016.1,1027.6,1,0.53,0,0,
108,서울,2021-01-07 18:00,-13.7,,1.6,340,45,1,-23.1,1015.7,1027.2,0.2,0.06,0,0,
108,서울,2021-01-07 19:00,-14.2,,2.1,290,46,0.9,-23.3,1016.1,1027.6,,,0,0,
108,서울,2021-01-07 20:00,-14.6,,1.4,340,47,0.9,-23.4,1016,1027.5,,,0,0,
108,서울,2021-01-07 21:00,-14.9,,2.9,270,50,1,-23,1015.7,1027.2,,,0,0,
108,서울,2021-01-07 22:00,-15.3,,2.5,270,54,1,-22.5,1015.6,1027.1,,,0,0,
108,서울,2021-01-07 23:00,-15.5,,3.3,340,54,1,-22.7,1015.2,1026.8,,,0,0,
108,서울,2021-01-08 0:00,-15.9,,2.5,320,52,0.9,-23.5,1015.3,1026.9,,,0,0,
108,서울,2021-01-08 1:00,-16.5,,1.9,290,50,0.8,-24.5,1015,1026.6,,,0,0,
108,서울,2021-01-08 2:00,-16.9,,2.4,290,52,0.9,-24.4,1015.4,1027,,,0,0,
108,서울,2021-01-08 3:00,-17.2,,3.8,270,47,0.8,-25.8,1015.5,1027.1,,,0,0,
108,서울,2021-01-08 4:00,-17.5,,3,270,47,0.7,-26.1,1015.6,1027.3,,,0,0,
108,서울,2021-01-08 5:00,-17.8,,2.9,270,47,0.7,-26.4,1015.8,1027.5,,,0,0,
108,서울,2021-01-08 6:00,-17.8,,3.7,290,47,0.7,-26.4,1015.7,1027.4,,,0,0,
108,서울,2021-01-08 7:00,-18.2,,1.9,270,46,0.7,-27,1015.5,1027.2,,,0,0,
108,서울,2021-01-08 8:00,-18.5,,2.1,270,49,0.7,-26.6,1015.6,1027.3,0,0.01,0,0,
108,서울,2021-01-08 9:00,-17.9,,1.9,290,46,0.7,-26.7,1015.7,1027.4,1,0.35,0,0,
108,서울,2021-01-08 10:00,-15.6,,3.4,250,39,0.7,-26.4,1015.8,1027.4,1,0.92,0,0,
108,서울,2021-01-08 11:00,-14.5,,2.3,290,38,0.8,-25.7,1015.1,1026.6,1,1.55,0,0,
108,서울,2021-01-08 12:00,-13.4,,3.2,290,37,0.8,-25,1014.3,1025.8,1,1.92,0,0,
108,서울,2021-01-08 13:00,-12.2,,3.8,270,38,0.9,-23.6,1012.9,1024.3,1,2.09,0,0,
108,서울,2021-01-08 14:00,-11.6,,3.9,290,36,0.9,-23.7,1012.1,1023.4,1,2.02,0,0,
108,서울,2021-01-08 15:00,-11.2,,5.6,290,36,0.9,-23.3,1011.6,1022.9,1,1.72,0,0,
108,서울,2021-01-08 16:00,-11.3,,5.8,290,35,0.9,-23.7,1011.7,1023,1,1.21,0,0,
108,서울,2021-01-08 17:00,-11.7,,2.7,270,39,1,-22.9,1011.8,1023.1,1,0.53,0,0,
108,서울,2021-01-08 18:00,-12.6,,3,290,41,1,-23.1,1012.2,1023.6,0.2,0.06,0,0,
108,서울,2021-01-08 19:00,-13.1,,3.4,270,42,0.9,-23.3,1012.7,1024.1,,,1,0,
108,서울,2021-01-08 20:00,-13.5,,3.3,270,47,1,-22.4,1013,1024.4,,,0,0,
108,서울,2021-01-08 21:00,-14.1,,3.2,270,51,1.1,-22,1013.6,1025.1,,,0,0,
108,서울,2021-01-08 22:00,-14.5,,2.7,290,54,1.1,-21.7,1014.1,1025.6,,,0,0,
108,서울,2021-01-08 23:00,-15.2,,2.9,20,55,1,-22.2,1014.5,1026,,,0,0,
108,서울,2021-01-09 0:00,-15.4,,3.1,340,47,0.9,-24.1,1014.1,1025.6,,,0,0,
108,서울,2021-01-09 1:00,-15.3,,1.9,50,44,0.8,-24.8,1013.6,1025.1,,,0,0,
108,서울,2021-01-09 2:00,-15.1,,1.9,20,47,0.9,-23.9,1013.9,1025.4,,,0,0,
108,서울,2021-01-09 3:00,-14.8,,2.6,320,42,0.8,-24.8,1013.9,1025.4,,,0,0,
108,서울,2021-01-09 4:00,-15.7,,1.4,270,43,0.8,-25.4,1013.3,1024.8,,,0,0,
108,서울,2021-01-09 5:00,-16,,1.2,270,48,0.8,-24.5,1013.5,1025.1,,,0,0,
108,서울,2021-01-09 6:00,-16.4,,1.1,340,50,0.9,-24.4,1013.5,1025.1,,,0,0,
108,서울,2021-01-09 7:00,-16.3,,1,290,48,0.8,-24.7,1013.1,1024.7,,,0,0,
108,서울,2021-01-09 8:00,-16.2,,1.5,360,51,0.9,-24,1013.2,1024.8,0,0,0,0,
108,서울,2021-01-09 9:00,-15.2,,0.6,230,50,0.9,-23.3,1013.9,1025.4,0.9,0.32,0,0,
108,서울,2021-01-09 10:00,-12.5,,1,70,45,1.1,-22,1014.2,1025.6,1,0.85,1,0,
108,서울,2021-01-09 11:00,-11,,3.3,270,37,1,-22.8,1014.3,1025.6,0.9,1.27,4,4,15
108,서울,2021-01-09 12:00,-10.1,,3.8,290,37,1.1,-22,1013.7,1025,1,1.82,6,2,13
108,서울,2021-01-09 13:00,-9.3,,4.1,290,37,1.1,-21.3,1012.9,1024.2,1,1.99,1,1,16
108,서울,2021-01-09 14:00,-8.7,,5.8,270,38,1.2,-20.4,1012.3,1023.5,1,1.97,0,0,
108,서울,2021-01-09 15:00,-8.2,,3.4,270,38,1.3,-20,1012.3,1023.5,1,1.65,0,0,
108,서울,2021-01-09 16:00,-7.7,,3.9,270,39,1.3,-19.2,1012.2,1023.4,1,1.15,0,0,
108,서울,2021-01-09 17:00,-8.9,,5.4,270,40,1.3,-20,1012.6,1023.8,1,0.51,0,0,
108,서울,2021-01-09 18:00,-9.7,,3.1,270,43,1.3,-19.9,1013.2,1024.5,0.2,0.06,0,0,
108,서울,2021-01-09 19:00,-10.2,,4.2,270,44,1.2,-20.1,1014,1025.3,,,0,0,
108,서울,2021-01-09 20:00,-10.7,,2.1,290,48,1.3,-19.6,1015,1026.3,,,0,0,
108,서울,2021-01-09 21:00,-10.9,,2.9,270,53,1.4,-18.6,1015.2,1026.5,,,0,0,
108,서울,2021-01-09 22:00,-11.2,,2.3,320,55,1.4,-18.4,1015.8,1027.2,,,4,0,
108,서울,2021-01-09 23:00,-11.7,,1.8,360,56,1.4,-18.7,1015.9,1027.3,,,0,0,
108,서울,2021-01-10 0:00,-12.2,,1.7,360,57,1.4,-18.9,1016,1027.4,,,0,0,
108,서울,2021-01-10 1:00,-12.4,,1.4,20,57,1.4,-19.1,1015.9,1027.3,,,1,0,
108,서울,2021-01-10 2:00,-12.3,,1.4,360,55,1.3,-19.5,1016.1,1027.5,,,0,0,
108,서울,2021-01-10 3:00,-12.2,,1.5,360,55,1.3,-19.4,1016.5,1027.9,,,0,0,
108,서울,2021-01-10 4:00,-12.5,,0.9,320,58,1.4,-19,1016.4,1027.8,,,0,0,
108,서울,2021-01-10 5:00,-12.5,,0.6,320,63,1.5,-18.1,1016.5,1027.9,,,0,0,
108,서울,2021-01-10 6:00,-12.6,,1,290,65,1.5,-17.8,1016.4,1027.8,,,0,0,
108,서울,2021-01-10 7:00,-12.7,,1,290,67,1.6,-17.5,1016.8,1028.3,,,0,0,
108,서울,2021-01-10 8:00,-12.6,,0.3,0,68,1.6,-17.2,1016.9,1028.3,0,0,0,0,
108,서울,2021-01-10 9:00,-12.2,,2.4,50,69,1.7,-16.7,1017.9,1029.3,0.9,0.32,0,0,
108,서울,2021-01-10 10:00,-9.7,,1.1,70,63,1.8,-15.4,1017.8,1029.1,1,0.88,0,0,
108,서울,2021-01-10 11:00,-7.3,,1.7,90,51,1.8,-15.7,1017.7,1028.9,1,1.45,0,0,
108,서울,2021-01-10 12:00,-6,,1.3,70,46,1.8,-15.7,1016.9,1028.1,1,1.82,0,0,
108,서울,2021-01-10 13:00,-3.8,,1.2,160,41,1.9,-15.1,1016.1,1027.2,1,1.96,0,0,
108,서울,2021-01-10 14:00,-2.8,,1.5,200,39,1.9,-14.8,1015.3,1026.3,0.9,1.53,7,7,16
108,서울,2021-01-10 15:00,-3.2,,1.3,110,38,1.8,-15.5,1015.3,1026.3,0.2,1,9,4,15
108,서울,2021-01-10 16:00,-3.3,,1.9,160,40,1.9,-15,1015.4,1026.4,0.2,0.59,7,3,13
108,서울,2021-01-10 17:00,-3.6,,1.5,160,45,2.1,-13.8,1015.9,1027,0,0.25,7,7,15
108,서울,2021-01-10 18:00,-4.2,,0.5,20,45,2,-14.3,1016.4,1027.5,0,0.04,8,8,15
108,서울,2021-01-10 19:00,-4.4,,0.9,320,48,2.1,-13.7,1017,1028.1,,,8,8,15
108,서울,2021-01-10 20:00,-4.6,,0.9,230,51,2.2,-13.2,1017.5,1028.6,,,8,4,16
108,서울,2021-01-10 21:00,-4.8,,1.2,250,53,2.3,-12.9,1017.8,1028.9,,,7,7,14
108,서울,2021-01-10 22:00,-5.4,,1.9,290,58,2.4,-12.3,1017.8,1028.9,,,0,0,
108,서울,2021-01-10 23:00,-6.3,,1,290,57,2.2,-13.4,1018.6,1029.8,,,3,0,
108,서울,2021-01-11 0:00,-6.6,,2.5,320,64,2.4,-12.2,1018.9,1030.1,,,0,0,
108,서울,2021-01-11 1:00,-7.1,,2.6,290,66,2.4,-12.3,1018.8,1030,,,0,0,
108,서울,2021-01-11 2:00,-7.9,,2.8,270,69,2.3,-12.6,1019.4,1030.7,,,3,0,
108,서울,2021-01-11 3:00,-8.5,,1.2,70,67,2.2,-13.5,1018.9,1030.2,,,0,0,
108,서울,2021-01-11 4:00,-9.1,,1.3,50,67,2.1,-14.1,1018.3,1029.6,,,0,0,
108,서울,2021-01-11 5:00,-9.5,,1.1,50,69,2.1,-14.1,1018,1029.3,,,3,0,
108,서울,2021-01-11 6:00,-9.5,,1.5,360,71,2.1,-13.7,1018.2,1029.5,,,6,0,
108,서울,2021-01-11 7:00,-9.1,,0.9,320,72,2.2,-13.2,1018.4,1029.7,,,8,0,
108,서울,2021-01-11 8:00,-8.8,,1.5,20,68,2.1,-13.6,1018.2,1029.5,0,0,8,0,
108,서울,2021-01-11 9:00,-8.4,,3,50,71,2.3,-12.7,1017.6,1028.9,0,0.13,10,0,
108,서울,2021-01-11 10:00,-7.7,,2.3,20,71,2.4,-12,1018.2,1029.4,0,0.29,10,0,
108,서울,2021-01-11 11:00,-6.7,,2.4,50,68,2.5,-11.6,1018.3,1029.5,0,0.47,10,0,
108,서울,2021-01-11 12:00,-6.1,,2.6,50,63,2.4,-12,1017.1,1028.3,0,0.55,10,0,
108,서울,2021-01-11 13:00,-5,,2.7,50,58,2.4,-12,1015.9,1027,0,0.84,10,0,
108,서울,2021-01-11 14:00,-4.3,,2.2,70,54,2.4,-12.2,1014.6,1025.7,0,0.88,10,0,
108,서울,2021-01-11 15:00,-4.1,,2.1,50,51,2.3,-12.7,1013.8,1024.9,0,0.56,10,3,36
108,서울,2021-01-11 16:00,-4.1,,2.1,50,52,2.3,-12.5,1013.3,1024.3,0,0.46,10,2,34
108,서울,2021-01-11 17:00,-4.2,,1.7,50,51,2.3,-12.8,1013,1024,0,0.24,10,0,
108,서울,2021-01-11 18:00,-5.1,,2.1,50,53,2.2,-13.2,1013.1,1024.2,0,0.05,7,2,32
108,서울,2021-01-11 19:00,-5.4,,1.3,320,54,2.2,-13.2,1013.3,1024.4,,,9,9,28
108,서울,2021-01-11 20:00,-5.7,,1.4,50,55,2.2,-13.3,1013.5,1024.6,,,8,4,13
108,서울,2021-01-11 21:00,-5.9,,1.3,20,58,2.3,-12.8,1013.2,1024.3,,,5,1,10
108,서울,2021-01-11 22:00,-6.6,,2.3,20,61,2.3,-12.8,1012.6,1023.7,,,5,1,22
108,서울,2021-01-11 23:00,-6.7,,0.7,340,62,2.3,-12.7,1012.3,1023.4,,,9,9,16
108,서울,2021-01-12 0:00,-6.1,,1.9,360,63,2.4,-12,1011.9,1023,,,7,7,
108,서울,2021-01-12 1:00,-6.3,,1.1,20,63,2.4,-12.2,1011.2,1022.3,,,5,2,14
108,서울,2021-01-12 2:00,-7.5,,2,50,68,2.4,-12.3,1010.9,1022.1,,,0,0,
108,서울,2021-01-12 3:00,-8.2,,2.4,20,71,2.3,-12.5,1010.4,1021.6,,,0,0,
108,서울,2021-01-12 4:00,-8.6,,2.3,20,73,2.3,-12.5,1009.9,1021.1,,,0,0,
108,서울,2021-01-12 5:00,-8.9,,2.1,50,73,2.3,-12.8,1009.3,1020.5,,,0,0,
108,서울,2021-01-12 6:00,-9.1,,2.5,50,76,2.3,-12.5,1008.9,1020.1,,,0,0,
108,서울,2021-01-12 7:00,-9.3,,2.4,20,77,2.3,-12.5,1008.9,1020.1,,,0,0,
108,서울,2021-01-12 8:00,-9.1,,2.8,50,78,2.4,-12.2,1008.9,1020.1,0,0,5,5,13
108,서울,2021-01-12 9:00,-7.7,,3,50,76,2.6,-11.2,1008.9,1020,0.1,0.21,8,8,10
108,서울,2021-01-12 10:00,-5.6,,2.3,50,69,2.8,-10.3,1008.8,1019.8,0.8,0.72,5,5,9
108,서울,2021-01-12 11:00,-3.9,,1.6,90,66,3,-9.3,1008.5,1019.5,1,1.26,6,6,18
108,서울,2021-01-12 12:00,-1.9,,2.7,50,63,3.3,-8,1007.3,1018.2,1,1.73,7,2,18
108,서울,2021-01-12 13:00,-1,,1.3,70,61,3.5,-7.5,1006.2,1017,0.7,1.24,8,8,13
108,서울,2021-01-12 14:00,-0.7,,1,140,65,3.8,-6.4,1005.4,1016.2,0,0.5,9,9,7
108,서울,2021-01-12 15:00,-0.8,0.1,2.4,50,74,4.3,-4.8,1004.7,1015.5,0,0.36,9,9,6
108,서울,2021-01-12 16:00,-1.5,,0.8,20,88,4.8,-3.2,1004.6,1015.4,0,0.08,9,9,6
108,서울,2021-01-12 17:00,-1.1,,1,230,91,5.2,-2.3,1004.4,1015.2,0,0.02,10,8,6
108,서울,2021-01-12 18:00,-0.8,2.3,1.6,200,91,5.3,-2,1004.7,1015.5,0,0.01,10,8,5
108,서울,2021-01-12 19:00,-1.3,,2.2,50,91,5.1,-2.5,1004.9,1015.7,,,10,4,6
108,서울,2021-01-12 20:00,-1.2,,2.2,20,93,5.2,-2.1,1005,1015.8,,,10,8,2
108,서울,2021-01-12 21:00,-0.9,0.2,0.2,0,92,5.3,-2,1005.2,1016,,,8,8,2
108,서울,2021-01-12 22:00,-1.5,,1.6,50,92,5,-2.6,1005.2,1016,,,10,9,2
108,서울,2021-01-12 23:00,-1.8,,1.1,20,93,5,-2.7,1005.4,1016.3,,,8,6,2
108,서울,2021-01-13 0:00,-2,0,1.9,20,93,4.9,-2.9,1005,1015.9,,,7,7,
108,서울,2021-01-13 1:00,-2.1,,2.2,50,95,5,-2.7,1004.9,1015.8,,,9,9,9
108,서울,2021-01-13 2:00,-2.1,,1.8,50,95,5,-2.7,1004.9,1015.8,,,9,9,10
108,서울,2021-01-13 3:00,-2.4,0,1.7,50,94,4.8,-3.2,1004.8,1015.7,,,4,4,10
108,서울,2021-01-13 4:00,-2.8,,2.3,50,94,4.7,-3.6,1004.3,1015.2,,,4,4,13
108,서울,2021-01-13 5:00,-2.9,,2,70,94,4.6,-3.7,1004.1,1015,,,4,4,14
108,서울,2021-01-13 6:00,-2.7,,1.7,50,94,4.7,-3.5,1004,1014.9,,,3,3,14
108,서울,2021-01-13 7:00,-3,,2.5,50,94,4.6,-3.8,1003.8,1014.7,,,1,1,14
108,서울,2021-01-13 8:00,-2.9,,2.5,50,93,4.6,-3.8,1004,1014.9,0,0.01,3,3,13
108,서울,2021-01-13 9:00,-2.1,,2.4,50,94,4.9,-2.9,1004.1,1015,0,0.1,9,9,13
108,서울,2021-01-13 10:00,-0.6,,2.2,50,91,5.4,-1.8,1004.6,1015.4,0.4,0.27,7,7,10
108,서울,2021-01-13 11:00,1.4,,2.1,50,84,5.7,-1,1004,1014.7,0.8,0.82,3,3,10
108,서울,2021-01-13 12:00,2.9,,2.2,50,77,5.8,-0.7,1003,1013.6,1,1.7,1,1,9
108,서울,2021-01-13 13:00,4.4,,2,50,75,6.2,0.3,1002.6,1013.2,1,1.63,3,3,7
108,서울,2021-01-13 14:00,7.3,,3.3,200,66,6.7,1.3,1001.6,1012,1,1.53,0,0,
108,서울,2021-01-13 15:00,8.2,,3.4,200,65,7.1,2,1001.8,1012.2,1,1.26,0,0,
108,서울,2021-01-13 16:00,8,,4.8,230,69,7.4,2.6,1002.3,1012.7,0.9,0.76,8,8,8
108,서울,2021-01-13 17:00,7.3,,3.5,230,73,7.4,2.7,1002.9,1013.4,0,0.16,6,6,7
108,서울,2021-01-13 18:00,6.9,,2.2,230,77,7.6,3.1,1003.3,1013.8,0,0.03,7,7,8
108,서울,2021-01-13 19:00,5.8,,2.1,270,80,7.4,2.6,1003.9,1014.4,,,0,0,
108,서울,2021-01-13 20:00,5.1,,2.8,250,82,7.2,2.2,1005.1,1015.7,,,0,0,
108,서울,2021-01-13 21:00,3.9,,2,270,78,6.3,0.4,1006.5,1017.1,,,0,0,
108,서울,2021-01-13 22:00,2.8,,1.8,250,73,5.5,-1.5,1006.9,1017.6,,,0,0,
108,서울,2021-01-13 23:00,1.9,,1.9,290,67,4.7,-3.5,1008.4,1019.1,,,0,0,
108,서울,2021-01-14 0:00,0.9,,1.8,290,63,4.1,-5.3,1009.2,1020,,,0,0,
108,서울,2021-01-14 1:00,0.3,,1.9,290,60,3.8,-6.5,1010.1,1020.9,,,0,0,
108,서울,2021-01-14 2:00,-0.6,,1.7,290,56,3.3,-8.3,1010.7,1021.6,,,0,0,
108,서울,2021-01-14 3:00,-1.2,,1.4,290,57,3.2,-8.6,1010.6,1021.5,,,0,0,
108,서울,2021-01-14 4:00,-2.1,,1,250,63,3.3,-8.2,1010.8,1021.7,,,0,0,
108,서울,2021-01-14 5:00,-2.4,,1.6,250,63,3.2,-8.4,1011.8,1022.8,,,0,0,
108,서울,2021-01-14 6:00,-2.8,,2.6,270,63,3.1,-8.8,1012.4,1023.4,,,0,0,
108,서울,2021-01-14 7:00,-3.1,,1.9,270,67,3.3,-8.3,1012.9,1023.9,,,0,0,
108,서울,2021-01-14 8:00,-3.4,,1,320,70,3.3,-8,1013.3,1024.3,0,0,0,0,
108,서울,2021-01-14 9:00,-3,,2.5,20,70,3.4,-7.7,1013.7,1024.7,0.4,0.25,0,0,
108,서울,2021-01-14 10:00,-0.6,,1.4,70,61,3.6,-7.2,1013.7,1024.6,1,0.76,0,0,
108,서울,2021-01-14 11:00,1.4,,1.7,70,43,2.9,-9.8,1013.4,1024.2,1,1.28,0,0,
108,서울,2021-01-14 12:00,3.3,,3.2,70,32,2.5,-11.8,1012.6,1023.3,1,1.63,0,0,
108,서울,2021-01-14 13:00,4.7,,3.1,90,33,2.8,-10.2,1011.7,1022.3,1,1.78,0,0,
108,서울,2021-01-14 14:00,5.9,,3.7,70,31,2.9,-9.9,1010.9,1021.5,1,1.7,0,0,
108,서울,2021-01-14 15:00,6.8,,2.4,70,29,2.9,-10,1010.4,1021,1,1.42,0,0,
108,서울,2021-01-14 16:00,6.8,,2.4,90,30,3,-9.6,1010.3,1020.9,1,0.9,0,0,
108,서울,2021-01-14 17:00,5.9,,2.4,50,33,3.1,-9.1,1010.3,1020.9,0.6,0.44,0,0,
108,서울,2021-01-14 18:00,4.5,,2.4,50,37,3.1,-8.9,1010.2,1020.8,0,0.05,0,0,
108,서울,2021-01-14 19:00,3.9,,2.7,70,38,3.1,-9.1,1010,1020.7,,,2,0,
108,서울,2021-01-14 20:00,3.8,,3.4,70,39,3.1,-8.9,1009.5,1020.2,,,5,0,
108,서울,2021-01-14 21:00,3.5,,2.7,70,39,3.1,-9.1,1009.4,1020.1,,,0,0,
108,서울,2021-01-14 22:00,3.3,,2.8,70,39,3,-9.3,1009.1,1019.8,,,0,0,
108,서울,2021-01-14 23:00,2.8,,1.7,50,42,3.1,-8.8,1009.5,1020.2,,,0,0,
108,서울,2021-01-15 0:00,2.1,,2.2,50,45,3.2,-8.6,1009.3,1020,,,0,0,
108,서울,2021-01-15 1:00,2.2,,2.7,70,43,3.1,-9.1,1009.2,1019.9,,,5,5,13
108,서울,2021-01-15 2:00,2.6,,2.6,70,45,3.3,-8.1,1009.3,1020,,,8,8,10
108,서울,2021-01-15 3:00,3.2,,2.7,70,43,3.3,-8.2,1008.7,1019.4,,,7,7,9
108,서울,2021-01-15 4:00,3.2,,2.1,50,43,3.3,-8.2,1007.8,1018.5,,,8,8,8
108,서울,2021-01-15 5:00,3.5,,2,70,46,3.6,-7,1007.3,1017.9,,,8,8,8
108,서울,2021-01-15 6:00,3.7,,2.5,50,47,3.8,-6.5,1006.5,1017.1,,,8,8,7
108,서울,2021-01-15 7:00,3.8,,2.5,50,52,4.2,-5.1,1006,1016.6,,,8,8,7
108,서울,2021-01-15 8:00,4.2,,2.2,50,57,4.7,-3.5,1005.7,1016.3,0,0,9,9,6
108,서울,2021-01-15 9:00,4.8,,2.4,50,58,5,-2.7,1005.1,1015.7,0,0.06,9,9,6
108,서울,2021-01-15 10:00,5.5,,2.1,50,60,5.4,-1.6,1004,1014.6,0,0.25,9,9,7
108,서울,2021-01-15 11:00,6.3,,1.9,50,65,6.2,0.1,1004,1014.5,0,0.23,9,9,6
108,서울,2021-01-15 12:00,8.8,,3.1,180,78,8.8,5.1,1002.4,1012.8,0,0.42,9,9,6
108,서울,2021-01-15 13:00,9.8,,4.8,230,80,9.7,6.5,1001.8,1012.2,0,0.21,10,8,5
108,서울,2021-01-15 14:00,9.8,,5.2,230,82,9.9,6.8,1001,1011.4,0,0.32,9,9,4
108,서울,2021-01-15 15:00,9.2,0.2,5.6,230,82,9.5,6.2,1001.3,1011.6,0,0.17,9,7,4
108,서울,2021-01-15 16:00,7.7,,3.5,250,76,8,3.7,1002.5,1012.9,0,0.24,9,3,5
108,서울,2021-01-15 17:00,6.7,,4.1,250,79,7.7,3.3,1003.8,1014.3,0,0.19,9,5,5
108,서울,2021-01-15 18:00,5.3,,3.7,250,81,7.2,2.2,1005.1,1015.7,0,0.02,9,7,4
108,서울,2021-01-15 19:00,4,,3.7,250,81,6.6,1,1005.6,1016.2,,,9,2,5
108,서울,2021-01-15 20:00,3.1,,4.9,250,81,6.2,0.1,1006.1,1016.8,,,10,7,43
108,서울,2021-01-15 21:00,1.5,,4.1,250,76,5.2,-2.2,1007.1,1017.8,,,9,4,10
108,서울,2021-01-15 22:00,0.8,,3.3,270,78,5,-2.6,1008,1018.8,,,9,2,46
108,서울,2021-01-15 23:00,0.2,,3.3,290,75,4.6,-3.7,1008.2,1019,,,9,1,6
108,서울,2021-01-16 0:00,-0.7,,2.8,270,74,4.3,-4.7,1008.9,1019.7,,,8,0,
108,서울,2021-01-16 1:00,-1.7,,2.6,250,74,4,-5.7,1009.3,1020.2,,,6,6,9
108,서울,2021-01-16 2:00,-2.4,,3,290,75,3.8,-6.2,1010.1,1021,,,0,0,
108,서울,2021-01-16 3:00,-3.1,,2.9,290,76,3.7,-6.7,1010.6,1021.6,,,0,0,
108,서울,2021-01-16 4:00,-4,,2.7,270,76,3.5,-7.6,1011.1,1022.1,,,0,0,
108,서울,2021-01-16 5:00,-4.7,,3,270,77,3.3,-8.1,1011.9,1023,,,0,0,
108,서울,2021-01-16 6:00,-5.4,,3.2,270,78,3.2,-8.6,1012.6,1023.7,,,6,6,10
108,서울,2021-01-16 7:00,-6,,2.2,290,72,2.8,-10.2,1013.4,1024.5,,,3,3,10
108,서울,2021-01-16 8:00,-6.6,,3.4,270,69,2.6,-11.3,1013.9,1025,0,0.01,0,0,
108,서울,2021-01-16 9:00,-6.5,,3.1,250,69,2.6,-11.2,1014.5,1025.7,0.7,0.27,0,0,
108,서울,2021-01-16 10:00,-5.8,,3.5,290,65,2.6,-11.3,1015.3,1026.4,1,0.79,0,0,
108,서울,2021-01-16 11:00,-4.9,,3.5,290,63,2.7,-10.8,1015.8,1026.9,1,1.4,0,0,
108,서울,2021-01-16 12:00,-3.6,,2.7,290,55,2.6,-11.3,1015.3,1026.3,1,1.82,0,0,
108,서울,2021-01-16 13:00,-2.3,,3.1,270,48,2.5,-11.8,1014.5,1025.5,1,2.06,0,0,
108,서울,2021-01-16 14:00,-1.8,,3.1,270,43,2.3,-12.7,1014.4,1025.4,1,2.04,1,1,10
108,서울,2021-01-16 15:00,-1.7,,3.7,250,48,2.6,-11.2,1014.5,1025.5,1,1.65,0,0,
108,서울,2021-01-16 16:00,-2.9,,4.5,320,39,1.9,-14.9,1014.8,1025.8,1,1.22,1,1,10
108,서울,2021-01-16 17:00,-3.3,,4.1,250,47,2.3,-13,1015.3,1026.3,1,0.53,0,0,
108,서울,2021-01-16 18:00,-4.1,,3.6,270,53,2.4,-12.2,1015.8,1026.9,0.2,0.07,0,0,
108,서울,2021-01-16 19:00,-4.7,,4.9,270,55,2.4,-12.3,1015.8,1026.9,,,0,0,
108,서울,2021-01-16 20:00,-5.6,,4,270,43,1.7,-16.2,1016.7,1027.8,,,0,0,
108,서울,2021-01-16 21:00,-6.4,,2.9,290,45,1.7,-16.4,1017.1,1028.3,,,0,0,
108,서울,2021-01-16 22:00,-7.4,,2.4,290,41,1.4,-18.4,1017.4,1028.6,,,3,0,
108,서울,2021-01-16 23:00,-8.2,,3.5,290,44,1.5,-18.3,1017.5,1028.8,,,5,0,
108,서울,2021-01-17 0:00,-8.7,,3.1,290,50,1.6,-17.2,1018,1029.3,,,0,0,
108,서울,2021-01-17 1:00,-9.3,,2,270,50,1.5,-17.8,1018.7,1030,,,1,0,
108,서울,2021-01-17 2:00,-9.4,,3.1,270,52,1.6,-17.4,1019.1,1030.4,,,0,0,
108,서울,2021-01-17 3:00,-9.5,,2.8,270,58,1.7,-16.2,1019.4,1030.7,,,0,0,
108,서울,2021-01-17 4:00,-9.8,,2.1,270,59,1.7,-16.3,1018.9,1030.3,,,0,0,
108,서울,2021-01-17 5:00,-9.8,,2.4,270,58,1.7,-16.5,1019.1,1030.5,,,0,0,
108,서울,2021-01-17 6:00,-10.3,,1.6,270,60,1.7,-16.5,1019,1030.4,,,0,0,
108,서울,2021-01-17 7:00,-10.5,,1.4,290,61,1.7,-16.5,1019.4,1030.8,,,0,0,
108,서울,2021-01-17 8:00,-10.8,,1.2,270,60,1.6,-17,1019.5,1030.9,0,0,0,0,
108,서울,2021-01-17 9:00,-9.9,,2.2,290,59,1.7,-16.4,1019.8,1031.2,0.9,0.36,0,0,
108,서울,2021-01-17 10:00,-8.1,,1.9,320,50,1.7,-16.7,1019.7,1031,1,0.99,0,0,
108,서울,2021-01-17 11:00,-6.1,,2.5,270,43,1.7,-16.6,1019.4,1030.6,1,1.6,0,0,
108,서울,2021-01-17 12:00,-4.4,,2.3,250,35,1.6,-17.5,1018,1029.1,1,1.97,0,0,
108,서울,2021-01-17 13:00,-3.1,,1.7,290,32,1.6,-17.5,1016.5,1027.5,1,2.07,5,5,12
108,서울,2021-01-17 14:00,-2.2,,1.8,250,36,1.9,-15.2,1015.4,1026.4,0.5,1.64,7,7,12
108,서울,2021-01-17 15:00,-1.6,,3.6,180,40,2.2,-13.4,1014.7,1025.6,0.5,0.99,5,5,13
108,서울,2021-01-17 16:00,-1.8,,3.1,200,44,2.4,-12.4,1014.6,1025.6,0.5,0.74,7,7,12
108,서울,2021-01-17 17:00,-2.2,,3.2,230,53,2.8,-10.5,1014.4,1025.4,0.6,0.42,3,3,9
108,서울,2021-01-17 18:00,-2.6,0,3.2,200,58,2.9,-9.7,1014,1025,0,0.05,2,2,9
108,서울,2021-01-17 19:00,-2.8,,1.9,250,61,3,-9.2,1013.9,1024.9,,,1,1,9
108,서울,2021-01-17 20:00,-2.8,,3.1,200,67,3.3,-8,1013.7,1024.7,,,8,8,7
108,서울,2021-01-17 21:00,-2.8,0,1.8,180,74,3.7,-6.7,1013.5,1024.5,,,8,8,5
108,서울,2021-01-17 22:00,-3,,1.4,180,84,4.1,-5.3,1013.2,1024.2,,,8,8,4
108,서울,2021-01-17 23:00,-3,,2.1,230,86,4.2,-5,1012.9,1023.9,,,8,8,4
108,서울,2021-01-18 0:00,-3,0,2,250,84,4.1,-5.3,1012.5,1023.5,,,3,3,
108,서울,2021-01-18 1:00,-3.6,,1.5,250,81,3.8,-6.3,1012,1023,,,1,1,18
108,서울,2021-01-18 2:00,-3.3,,1.8,250,79,3.8,-6.4,1011.5,1022.5,,,9,9,13
108,서울,2021-01-18 3:00,-3.4,0,0.5,270,76,3.6,-7,1010.9,1021.9,,,5,2,16
108,서울,2021-01-18 4:00,-3.2,,1.4,180,78,3.8,-6.4,1010.1,1021.1,,,7,2,7
108,서울,2021-01-18 5:00,-3.5,,1.4,50,81,3.8,-6.2,1009.4,1020.4,,,8,1,15
108,서울,2021-01-18 6:00,-3.7,0,1.9,20,83,3.9,-6.1,1008.6,1019.6,,,8,5,34
108,서울,2021-01-18 7:00,-4,,2.5,50,85,3.9,-6.1,1007.9,1018.9,,,6,4,34
108,서울,2021-01-18 8:00,-3.9,,1.9,50,89,4.1,-5.4,1007.5,1018.5,0,0.01,9,4,17
108,서울,2021-01-18 9:00,-3.1,,2.3,50,89,4.3,-4.6,1007.1,1018,0,0.11,9,4,16
108,서울,2021-01-18 10:00,-2.3,,2.4,50,88,4.5,-4,1007.4,1018.3,0,0.15,9,9,7
108,서울,2021-01-18 11:00,-1.5,,1.5,50,90,4.9,-2.9,1007.3,1018.2,0,0.33,9,9,9
108,서울,2021-01-18 12:00,-0.6,0.3,2.2,250,88,5.2,-2.3,1006.8,1017.6,0,0.47,9,9,8
108,서울,2021-01-18 13:00,-0.2,,2.7,270,80,4.8,-3.2,1006.5,1017.3,0,0.54,9,9,8
108,서울,2021-01-18 14:00,-0.3,,5,290,75,4.5,-4.2,1006.5,1017.3,0,0.47,9,9,7
108,서울,2021-01-18 15:00,-0.4,0,6,290,56,3.3,-8.1,1006.9,1017.7,0.3,0.64,3,3,10
108,서울,2021-01-18 16:00,-0.4,,6.7,290,34,2,-14.3,1008.1,1018.9,0.9,1.11,1,1,10
108,서울,2021-01-18 17:00,-2,,6.3,270,34,1.8,-15.8,1010,1020.9,1,0.61,0,0,
108,서울,2021-01-18 18:00,-3.9,,7.4,290,35,1.6,-17.1,1012.2,1023.2,0.3,0.1,0,0,
108,서울,2021-01-18 19:00,-4.9,,4.8,290,41,1.7,-16.1,1013.4,1024.5,,,2,0,
108,서울,2021-01-18 20:00,-5.5,,3.7,290,43,1.7,-16.1,1014.3,1025.4,,,0,0,
108,서울,2021-01-18 21:00,-6.1,,4.5,270,42,1.6,-16.9,1015.2,1026.3,,,0,0,
108,서울,2021-01-18 22:00,-7.1,,5.3,290,40,1.4,-18.4,1016.6,1027.8,,,0,0,
108,서울,2021-01-18 23:00,-8.4,,2.7,270,44,1.4,-18.5,1017.5,1028.8,,,0,0,
108,서울,2021-01-19 0:00,-9.1,,2.7,290,45,1.4,-18.8,1017.9,1029.2,,,0,0,
108,서울,2021-01-19 1:00,-9.6,,3.9,320,46,1.4,-19,1018.1,1029.4,,,1,0,
108,서울,2021-01-19 2:00,-10.1,,2.7,320,47,1.3,-19.2,1018.7,1030.1,,,0,0,
108,서울,2021-01-19 3:00,-10.4,,0.7,290,45,1.3,-20,1019,1030.4,,,0,0,
108,서울,2021-01-19 4:00,-10.6,,2.3,270,48,1.3,-19.5,1019.3,1030.7,,,0,0,
108,서울,2021-01-19 5:00,-11,,1.7,340,51,1.4,-19.1,1019.3,1030.7,,,0,0,
108,서울,2021-01-19 6:00,-11.4,,2,20,50,1.3,-19.7,1019.5,1030.9,,,0,0,
108,서울,2021-01-19 7:00,-11.4,,1.4,360,52,1.3,-19.3,1020.7,1032.1,,,0,0,
108,서울,2021-01-19 8:00,-11.6,,1,270,54,1.4,-19,1021.1,1032.5,0,0,0,0,
108,서울,2021-01-19 9:00,-10.8,,1.7,20,51,1.4,-18.9,1021.9,1033.3,0.9,0.36,0,0,
108,서울,2021-01-19 10:00,-8.6,,2.2,340,50,1.6,-17.1,1022.4,1033.7,1,0.96,0,0,
108,서울,2021-01-19 11:00,-6.2,,2,50,43,1.7,-16.7,1022.7,1033.9,1,1.52,0,0,
108,서울,2021-01-19 12:00,-4.1,,0.8,290,37,1.7,-16.6,1022.1,1033.2,1,1.89,0,0,
108,서울,2021-01-19 13:00,-2.3,,2.4,160,29,1.5,-17.9,1021.8,1032.9,1,2.11,0,0,
108,서울,2021-01-19 14:00,-1.5,,1.6,200,24,1.3,-19.5,1021.3,1032.3,1,2.05,0,0,
108,서울,2021-01-19 15:00,-0.6,,1.7,200,21,1.2,-20.2,1021,1032,1,1.72,0,0,
108,서울,2021-01-19 16:00,-0.4,,1.6,250,20,1.2,-20.6,1021.4,1032.4,1,1.22,0,0,
108,서울,2021-01-19 17:00,-1.3,,1.6,250,21,1.2,-20.8,1021.3,1032.3,1,0.57,0,0,
108,서울,2021-01-19 18:00,-2.7,,0.8,320,24,1.2,-20.5,1021.6,1032.7,0.3,0.08,0,0,
108,서울,2021-01-19 19:00,-3.6,,1.3,290,28,1.3,-19.5,1021.9,1033,,,0,0,
108,서울,2021-01-19 20:00,-4.4,,1,290,31,1.4,-19,1022,1033.2,,,0,0,
108,서울,2021-01-19 21:00,-4.9,,1.6,270,34,1.5,-18.3,1022.5,1033.7,,,0,0,
108,서울,2021-01-19 22:00,-5.1,,0.8,20,38,1.6,-17.2,1022.1,1033.3,,,0,0,
108,서울,2021-01-19 23:00,-5.5,,2.8,50,40,1.6,-16.9,1021.6,1032.8,,,0,0,
108,서울,2021-01-20 0:00,-5.6,,2.1,50,41,1.7,-16.7,1021.6,1032.8,,,0,0,
108,서울,2021-01-20 1:00,-5.8,,1.8,50,45,1.8,-15.8,1021.6,1032.8,,,0,0,
108,서울,2021-01-20 2:00,-5.6,,3,50,45,1.8,-15.6,1021.6,1032.8,,,0,0,
108,서울,2021-01-20 3:00,-5.5,,2.6,50,43,1.7,-16.1,1021.5,1032.7,,,0,0,
108,서울,2021-01-20 4:00,-6.1,,1.3,50,51,2,-14.6,1021.8,1033,,,0,0,
108,서울,2021-01-20 5:00,-6.4,,2.4,50,54,2.1,-14.1,1021.6,1032.8,,,0,0,
108,서울,2021-01-20 6:00,-6.3,,2.2,70,50,1.9,-15,1021.7,1032.9,,,0,0,
108,서울,2021-01-20 7:00,-6.4,,2.2,50,50,1.9,-15.1,1021.6,1032.8,,,0,0,
108,서울,2021-01-20 8:00,-5.9,,4.1,70,47,1.8,-15.4,1021.2,1032.4,0,0.01,0,0,
108,서울,2021-01-20 9:00,-4.7,,3.5,50,45,1.9,-14.8,1021,1032.2,0.8,0.3,0,0,
108,서울,2021-01-20 10:00,-2.3,,2.4,70,39,2,-14.4,1021.2,1032.2,1,0.86,0,0,
108,서울,2021-01-20 11:00,0.1,,2.7,90,34,2.1,-13.9,1021.4,1032.4,1,1.45,0,0,
108,서울,2021-01-20 12:00,1.5,,3.1,70,32,2.2,-13.4,1020.1,1031,1,1.82,0,0,
108,서울,2021-01-20 13:00,3.4,,2.9,90,29,2.3,-12.9,1018.4,1029.2,1,2.01,0,0,
108,서울,2021-01-20 14:00,5,,2.4,90,26,2.3,-12.9,1017.8,1028.5,1,1.98,0,0,
108,서울,2021-01-20 15:00,6.3,,1.8,70,26,2.5,-11.8,1017.4,1028.1,1,1.71,1,0,
108,서울,2021-01-20 16:00,7.1,,1.1,90,24,2.4,-12.1,1017.4,1028,1,1.17,1,0,
108,서울,2021-01-20 17:00,5.9,,2.4,50,26,2.4,-12.1,1017.2,1027.9,0.9,0.52,3,0,
108,서울,2021-01-20 18:00,4.1,,2.5,50,30,2.5,-11.9,1017.2,1027.9,0.2,0.09,4,0,
108,서울,2021-01-20 19:00,3.1,,0.5,70,33,2.5,-11.6,1017,1027.8,,,4,4,58
108,서울,2021-01-20 20:00,2.4,,0.7,70,35,2.5,-11.5,1017,1027.8,,,4,4,58
108,서울,2021-01-20 21:00,1.6,,1.5,50,37,2.5,-11.5,1016.7,1027.5,,,1,0,
108,서울,2021-01-20 22:00,1.5,,2.3,50,41,2.8,-10.3,1016.9,1027.7,,,9,7,10
108,서울,2021-01-20 23:00,2,,1.7,70,40,2.8,-10.2,1017,1027.8,,,10,9,11
108,서울,2021-01-21 0:00,2.5,,2.7,50,39,2.9,-10,1016.8,1027.6,,,9,9,
108,서울,2021-01-21 1:00,2.7,,2.5,70,37,2.8,-10.5,1016.5,1027.3,,,10,10,13
108,서울,2021-01-21 2:00,2.9,,2.3,70,37,2.8,-10.3,1016.5,1027.3,,,9,9,11
108,서울,2021-01-21 3:00,2.9,,2.1,70,38,2.9,-10,1016.5,1027.3,,,9,9,13
108,서울,2021-01-21 4:00,3,,3,70,40,3,-9.3,1015.6,1026.4,,,9,9,13
108,서울,2021-01-21 5:00,3,,1.7,70,41,3.1,-8.9,1015.7,1026.5,,,9,9,10
108,서울,2021-01-21 6:00,3.1,,2.8,70,42,3.2,-8.5,1015.4,1026.2,,,9,9,14
108,서울,2021-01-21 7:00,3.2,,2.4,70,43,3.3,-8.2,1015.2,1025.9,,,9,9,14
108,서울,2021-01-21 8:00,3.2,,3.8,70,44,3.4,-7.9,1014.6,1025.3,0,0.01,9,9,15
108,서울,2021-01-21 9:00,3.7,,2.3,70,44,3.5,-7.4,1014.4,1025.1,0,0.11,9,9,17
108,서울,2021-01-21 10:00,4.5,,2,70,42,3.5,-7.3,1014.8,1025.5,0,0.33,9,9,18
108,서울,2021-01-21 11:00,5,,2.9,50,42,3.7,-6.8,1013.9,1024.6,0,0.37,9,9,7
108,서울,2021-01-21 12:00,5.8,,1.2,70,42,3.9,-6.1,1013.2,1023.8,0,0.45,10,4,6
108,서울,2021-01-21 13:00,6.8,,2.7,50,43,4.2,-4.9,1011.6,1022.2,0,0.65,10,4,6
108,서울,2021-01-21 14:00,6.9,,1.8,50,45,4.5,-4.2,1011.1,1021.7,0,0.32,10,6,9
108,서울,2021-01-21 15:00,6.1,0.6,2.1,70,67,6.3,0.4,1010.5,1021.1,0,0.27,10,7,6
108,서울,2021-01-21 16:00,5.3,,2.5,50,79,7,1.9,1010.8,1021.4,0,0.16,10,8,5
108,서울,2021-01-21 17:00,4.8,,1.8,50,87,7.5,2.8,1010.9,1021.6,0,0.08,10,8,5
108,서울,2021-01-21 18:00,4.6,4,2.1,50,91,7.7,3.2,1010.8,1021.4,0,0.02,10,8,4
108,서울,2021-01-21 19:00,4.6,,1.8,70,93,7.8,3.5,1010.7,1021.3,,,10,8,5
108,서울,2021-01-21 20:00,4.6,,1.5,70,94,8,3.7,1010.5,1021.1,,,10,8,2
108,서울,2021-01-21 21:00,4.8,3.7,2.1,50,95,8.1,4,1010.7,1021.4,,,10,6,1
108,서울,2021-01-21 22:00,4.9,,2.3,50,96,8.3,4.3,1010.1,1020.7,,,10,6,1
108,서울,2021-01-21 23:00,4.8,,2.3,70,95,8.1,4,1009.7,1020.3,,,10,8,4
108,서울,2021-01-22 0:00,4.9,0.9,1.9,50,96,8.3,4.3,1009.4,1020,,,10,9,
108,서울,2021-01-22 1:00,5,,1.7,70,95,8.2,4.2,1009.1,1019.7,,,10,10,3
108,서울,2021-01-22 2:00,5,,1.3,70,95,8.2,4.2,1009,1019.6,,,10,10,3
108,서울,2021-01-22 3:00,5,0,1.4,50,93,8.1,3.9,1008.6,1019.2,,,10,10,3
108,서울,2021-01-22 4:00,4.9,,0.7,20,94,8.1,4,1008.4,1019,,,10,8,2
108,서울,2021-01-22 5:00,5.1,,1,340,95,8.3,4.3,1008.8,1019.4,,,10,10,2
108,서울,2021-01-22 6:00,5,0.1,1.2,50,95,8.2,4.2,1008.7,1019.3,,,10,10,2
108,서울,2021-01-22 7:00,5,,2.4,50,96,8.4,4.4,1009.2,1019.8,,,10,10,3
108,서울,2021-01-22 8:00,4.9,,1.9,70,96,8.3,4.3,1009.4,1020,0,0.01,10,10,3
108,서울,2021-01-22 9:00,5,,2,50,97,8.4,4.5,1009.9,1020.5,0,0.07,10,10,3
108,서울,2021-01-22 10:00,5.4,,1.5,50,97,8.7,4.9,1010.3,1020.9,0,0.23,10,10,2
108,서울,2021-01-22 11:00,5.8,,2.3,360,96,8.8,5.2,1010.2,1020.8,0,0.35,10,10,2
108,서울,2021-01-22 12:00,6,,0.5,360,93,8.7,4.9,1009.7,1020.3,0,0.39,10,10,2
108,서울,2021-01-22 13:00,6.4,,1.5,360,92,8.8,5.1,1009.1,1019.7,0,0.41,10,10,2
108,서울,2021-01-22 14:00,6.6,,1.7,20,91,8.8,5.2,1008.6,1019.1,0,0.3,10,10,2
108,서울,2021-01-22 15:00,6.5,,2.2,50,91,8.8,5.1,1008.3,1018.8,0,0.28,10,10,2
108,서울,2021-01-22 16:00,6.4,,1.6,360,90,8.6,4.8,1008.4,1019,0,0.18,10,10,3
108,서울,2021-01-22 17:00,6.3,,2.1,50,90,8.5,4.7,1008.9,1019.5,0,0.1,10,10,3
108,서울,2021-01-22 18:00,5.9,,2.6,50,91,8.4,4.5,1009.1,1019.7,0,0.02,10,10,2
108,서울,2021-01-22 19:00,5.6,,1.4,50,91,8.2,4.2,1009.4,1020,,,10,10,2
108,서울,2021-01-22 20:00,5.5,,1.9,50,91,8.2,4.1,1009.6,1020.2,,,10,10,2
108,서울,2021-01-22 21:00,5.5,,2.1,70,91,8.2,4.1,1010,1020.6,,,10,10,2
108,서울,2021-01-22 22:00,5.2,,2.5,50,91,8,3.8,1009.6,1020.2,,,8,8,2
108,서울,2021-01-22 23:00,5.1,,1.5,70,92,8.1,3.9,1009.3,1019.9,,,9,4,2
108,서울,2021-01-23 0:00,4.9,,1.5,50,92,8,3.7,1009.2,1019.8,,,6,6,
108,서울,2021-01-23 1:00,5.3,,2.9,70,92,8.1,4,1009.2,1019.8,,,9,9,9
108,서울,2021-01-23 2:00,5.6,,2.4,70,88,8,3.7,1009.1,1019.7,,,8,8,9
108,서울,2021-01-23 3:00,5.4,,2.9,70,86,7.7,3.2,1009.2,1019.8,,,2,2,13
108,서울,2021-01-23 4:00,5.2,,3.1,70,84,7.4,2.7,1009,1019.6,,,3,3,14
108,서울,2021-01-23 5:00,5.3,,3.9,70,81,7.2,2.2,1008.9,1019.5,,,3,3,16
108,서울,2021-01-23 6:00,5.2,,4.1,50,80,7.1,2,1009,1019.6,,,4,3,14
108,서울,2021-01-23 7:00,5.4,,4.3,70,78,7,1.8,1009.4,1020,,,5,5,18
108,서울,2021-01-23 8:00,5.3,,3.9,70,76,6.8,1.4,1009.6,1020.2,0,0.02,6,3,18
108,서울,2021-01-23 9:00,5.9,,4.4,50,75,6.9,1.7,1009.8,1020.4,0.3,0.29,6,2,17
108,서울,2021-01-23 10:00,7.5,,5,50,68,7,1.9,1009.9,1020.4,0.6,0.74,6,1,18
108,서울,2021-01-23 11:00,9.3,,4.1,70,61,7.1,2.1,1009.8,1020.2,1,1.36,7,2,19
108,서울,2021-01-23 12:00,9.8,,4.6,50,57,6.9,1.6,1009,1019.4,0.8,1.38,6,1,18
108,서울,2021-01-23 13:00,10.4,,5.3,70,54,6.8,1.4,1008.3,1018.7,0.7,1.6,8,1,15
108,서울,2021-01-23 14:00,10.9,,4.4,50,53,6.9,1.6,1008.1,1018.5,0.3,1.14,8,1,15
108,서울,2021-01-23 15:00,11.9,,5.1,50,50,6.9,1.7,1007.8,1018.1,0.9,1.66,7,0,
108,서울,2021-01-23 16:00,11.5,,4.7,50,50,6.8,1.4,1008,1018.3,0.7,1.06,8,2,15
108,서울,2021-01-23 17:00,10.5,,5.2,50,53,6.7,1.3,1008.5,1018.9,0,0.4,7,2,15
108,서울,2021-01-23 18:00,9.4,,4.3,70,56,6.6,1,1009.3,1019.7,0,0.07,9,3,19
108,서울,2021-01-23 19:00,8.4,,4.5,70,59,6.5,0.8,1010.1,1020.6,,,9,7,51
108,서울,2021-01-23 20:00,7.6,,4.5,50,60,6.2,0.3,1010.9,1021.4,,,9,3,17
108,서울,2021-01-23 21:00,7.1,,4.9,70,61,6.1,0,1011.6,1022.2,,,9,4,18
108,서울,2021-01-23 22:00,6.6,,3.6,70,61,6,-0.3,1012,1022.6,,,10,5,18
108,서울,2021-01-23 23:00,6.3,,3.3,70,62,5.9,-0.4,1012.4,1023,,,9,1,20
108,서울,2021-01-24 0:00,6.1,,3.9,70,63,5.9,-0.4,1012.8,1023.4,,,9,9,
108,서울,2021-01-24 1:00,5.8,,3.4,70,64,5.9,-0.4,1012.9,1023.5,,,7,1,20
108,서울,2021-01-24 2:00,5.5,,3.4,70,65,5.9,-0.5,1013.2,1023.8,,,6,4,19
108,서울,2021-01-24 3:00,4.7,,4.1,50,69,5.9,-0.5,1013.3,1024,,,6,6,10
108,서울,2021-01-24 4:00,4.2,,3,70,71,5.8,-0.6,1013.6,1024.3,,,3,3,10
108,서울,2021-01-24 5:00,3.8,,3.6,50,74,5.9,-0.4,1013.6,1024.3,,,4,4,10
108,서울,2021-01-24 6:00,3.1,,1.8,70,75,5.7,-0.9,1014.3,1025,,,0,0,
108,서울,2021-01-24 7:00,2.7,,2.2,70,77,5.7,-0.9,1014.7,1025.5,,,0,0,
108,서울,2021-01-24 8:00,2.4,,1.7,50,79,5.8,-0.8,1015.6,1026.4,0,0.02,0,0,
108,서울,2021-01-24 9:00,3.7,,2.8,70,78,6.2,0.2,1016,1026.7,1,0.36,0,0,
108,서울,2021-01-24 10:00,6.3,,2.7,70,69,6.6,1,1017,1027.6,1,0.92,0,0,
108,서울,2021-01-24 11:00,8.5,,3.6,50,61,6.7,1.3,1016.8,1027.3,1,1.55,0,0,
108,서울,2021-01-24 12:00,10.1,,2.2,90,57,7,1.9,1016.1,1026.6,1,1.94,0,0,
108,서울,2021-01-24 13:00,11.6,,1,110,50,6.8,1.5,1015.6,1026,1,2.12,0,0,
108,서울,2021-01-24 14:00,12.9,,1.3,200,47,7,1.8,1014.8,1025.1,1,2.03,1,0,
108,서울,2021-01-24 15:00,13.8,,1.4,110,45,7.1,2,1014.2,1024.5,1,1.75,0,0,
108,서울,2021-01-24 16:00,13.4,,2.2,270,46,7,1.9,1014.2,1024.5,1,1.27,1,0,
108,서울,2021-01-24 17:00,11.6,,2.2,290,49,6.7,1.2,1014.6,1025,0.2,0.35,8,0,
108,서울,2021-01-24 18:00,10.3,,1.9,250,53,6.6,1.1,1015.3,1025.8,0,0.09,8,0,
108,서울,2021-01-24 19:00,9,,2,270,57,6.5,0.9,1016.2,1026.7,,,0,0,
108,서울,2021-01-24 20:00,8,,1.3,270,61,6.5,0.9,1016,1026.6,,,5,0,
108,서울,2021-01-24 21:00,7,,1.6,90,64,6.4,0.6,1015.6,1026.2,,,7,0,
108,서울,2021-01-24 22:00,7,,1.3,320,67,6.7,1.2,1016.1,1026.7,,,7,0,
108,서울,2021-01-24 23:00,6.3,,1.9,270,69,6.6,1,1016.5,1027.1,,,7,0,
108,서울,2021-01-25 0:00,5.7,,1.1,20,70,6.4,0.6,1017,1027.7,,,6,0,
108,서울,2021-01-25 1:00,5.3,,0.3,0,72,6.4,0.6,1018,1028.7,,,7,3,54
108,서울,2021-01-25 2:00,4.7,,2.1,20,75,6.4,0.6,1018.3,1029,,,1,0,
108,서울,2021-01-25 3:00,4.1,,1.4,50,78,6.4,0.6,1018.6,1029.3,,,7,0,
108,서울,2021-01-25 4:00,3.8,,1.7,50,79,6.3,0.4,1017.9,1028.6,,,7,0,
108,서울,2021-01-25 5:00,3.6,,1.4,50,80,6.3,0.4,1018.1,1028.9,,,6,0,
108,서울,2021-01-25 6:00,3,,1.4,70,82,6.2,0.2,1018.1,1028.9,,,6,0,
108,서울,2021-01-25 7:00,3.1,,2.7,70,83,6.3,0.4,1017.9,1028.7,,,8,0,
108,서울,2021-01-25 8:00,3.4,,2.1,70,81,6.3,0.4,1017.9,1028.7,0,0,8,0,
108,서울,2021-01-25 9:00,4.4,,2.4,70,78,6.5,0.8,1017.3,1028,0,0.16,9,0,
108,서울,2021-01-25 10:00,6.4,,2.5,70,71,6.8,1.5,1017.3,1027.9,0.6,0.75,10,0,
108,서울,2021-01-25 11:00,8.4,,3,50,63,6.9,1.7,1017.1,1027.6,0.9,1.3,6,0,
108,서울,2021-01-25 12:00,9.8,,3,70,59,7.1,2.1,1016.4,1026.9,1,1.5,4,0,
108,서울,2021-01-25 13:00,11.2,,1.8,70,53,7,1.9,1015.8,1026.2,1,1.69,7,0,
108,서울,2021-01-25 14:00,12.5,,3,70,46,6.6,1.1,1014.3,1024.7,1,1.68,2,0,
108,서울,2021-01-25 15:00,13.3,,2.7,50,44,6.7,1.2,1013.2,1023.5,1,1.75,5,0,
108,서울,2021-01-25 16:00,13.7,,2.6,90,40,6.2,0.3,1013.1,1023.4,1,1.25,2,0,
108,서울,2021-01-25 17:00,13.1,,1.5,110,37,5.6,-1.2,1013,1023.3,0.8,0.55,3,0,
108,서울,2021-01-25 18:00,11.7,,1.6,110,40,5.5,-1.4,1013.1,1023.5,0.3,0.11,2,0,
108,서울,2021-01-25 19:00,10.9,,0.5,90,44,5.8,-0.8,1013,1023.4,,,5,5,52
108,서울,2021-01-25 20:00,9.9,,0.9,50,48,5.8,-0.6,1012.6,1023.1,,,6,2,
108,서울,2021-01-25 21:00,9.3,,0.8,70,50,5.8,-0.6,1012.1,1022.5,,,8,0,
108,서울,2021-01-25 22:00,8.5,,1.1,230,55,6.1,0,1012.1,1022.6,,,9,5,50
108,서울,2021-01-25 23:00,8,,0.8,250,63,6.7,1.3,1012.3,1022.8,,,9,7,48
108,서울,2021-01-26 0:00,7.4,,1.8,250,65,6.7,1.2,1011.8,1022.3,,,9,0,
108,서울,2021-01-26 1:00,7.1,,1.9,270,65,6.5,0.9,1011.6,1022.2,,,10,10,49
108,서울,2021-01-26 2:00,7,,1.1,50,68,6.8,1.4,1011.1,1021.7,,,10,10,48
108,서울,2021-01-26 3:00,6.6,,1.9,50,68,6.6,1.1,1010.7,1021.3,,,9,9,43
108,서울,2021-01-26 4:00,6.5,,1.9,50,67,6.5,0.8,1009.9,1020.5,,,9,9,39
108,서울,2021-01-26 5:00,6.1,,1.4,50,67,6.3,0.4,1009.3,1019.9,,,9,9,39
108,서울,2021-01-26 6:00,5.9,,2,50,68,6.3,0.4,1009.2,1019.8,,,9,7,41
108,서울,2021-01-26 7:00,6.2,,3,290,72,6.8,1.5,1009.7,1020.3,,,9,7,34
108,서울,2021-01-26 8:00,5.8,,1.6,250,74,6.8,1.5,1009.6,1020.2,0,0.01,10,10,26
108,서울,2021-01-26 9:00,5.9,0,0.6,250,73,6.8,1.4,1009.7,1020.3,0,0.06,10,7,13
108,서울,2021-01-26 10:00,5.9,,1.7,90,82,7.6,3,1009.5,1020.1,0,0.11,10,8,10
108,서울,2021-01-26 11:00,6,,1.1,110,86,8,3.8,1009.7,1020.3,0,0.21,10,6,4
108,서울,2021-01-26 12:00,6.1,1.3,0.6,70,88,8.2,4.2,1009.1,1019.7,0,0.25,10,5,8
108,서울,2021-01-26 13:00,6.5,,2.1,200,86,8.3,4.3,1008.4,1018.9,0,0.37,10,7,8
108,서울,2021-01-26 14:00,7,,2.8,180,84,8.4,4.4,1007.1,1017.6,0,0.53,10,7,8
108,서울,2021-01-26 15:00,6.9,0,2.9,230,86,8.5,4.7,1007,1017.5,0,0.27,10,10,6
108,서울,2021-01-26 16:00,6.4,,2.3,250,92,8.8,5.1,1006.8,1017.3,0,0.09,10,10,2
108,서울,2021-01-26 17:00,5.4,,2.7,270,95,8.5,4.6,1007.4,1018,0,0.04,10,10,2
108,서울,2021-01-26 18:00,5.2,0.4,3.2,290,94,8.3,4.3,1008.2,1018.8,0,0.01,10,10,6
108,서울,2021-01-26 19:00,4.7,,2.6,270,88,7.5,2.8,1009.4,1020,,,10,5,3
108,서울,2021-01-26 20:00,4.3,,2.5,320,82,6.8,1.4,1009.5,1020.1,,,10,9,5
108,서울,2021-01-26 21:00,3.8,,3.1,290,82,6.6,1,1010,1020.7,,,7,7,5
108,서울,2021-01-26 22:00,3.3,,1.8,270,82,6.3,0.5,1010.7,1021.4,,,8,8,5
108,서울,2021-01-26 23:00,2.4,,0.6,290,82,6,-0.3,1011,1021.7,,,0,0,
108,서울,2021-01-27 0:00,1.7,,1.5,230,84,5.8,-0.7,1011.4,1022.2,,,2,0,
108,서울,2021-01-27 1:00,1.4,,1.6,250,85,5.8,-0.8,1011.9,1022.7,,,4,0,
108,서울,2021-01-27 2:00,1,,1.6,250,81,5.3,-1.9,1012.7,1023.5,,,6,0,
108,서울,2021-01-27 3:00,0.6,,2.1,270,76,4.9,-3.1,1013.4,1024.2,,,7,0,
108,서울,2021-01-27 4:00,0.1,,1.3,270,69,4.2,-4.9,1013.7,1024.6,,,8,0,
108,서울,2021-01-27 5:00,-0.4,,1.7,270,66,3.9,-5.9,1014,1024.9,,,7,0,
108,서울,2021-01-27 6:00,-1,,1,200,65,3.7,-6.7,1014.2,1025.1,,,6,0,
108,서울,2021-01-27 7:00,-1.4,,0.4,0,61,3.4,-7.9,1014.2,1025.1,,,4,0,
108,서울,2021-01-27 8:00,-1.8,,2,270,67,3.6,-7.1,1014.7,1025.7,0,0.01,6,0,
108,서울,2021-01-27 9:00,-1.2,,0.8,250,59,3.3,-8.2,1014.6,1025.5,0.6,0.26,4,0,
108,서울,2021-01-27 10:00,0.9,,3.9,290,43,2.8,-10.2,1014.6,1025.4,1,1.01,1,0,
108,서울,2021-01-27 11:00,2.6,,3,270,35,2.6,-11.3,1015,1025.8,1,1.63,1,0,
108,서울,2021-01-27 12:00,3.9,,2.9,270,30,2.4,-12.1,1013.9,1024.6,1,1.9,4,0,
108,서울,2021-01-27 13:00,5.6,,4.3,360,21,1.9,-15,1012.5,1023.1,1,2.27,1,0,
108,서울,2021-01-27 14:00,6.5,,3.1,270,24,2.3,-12.6,1012.4,1023,1,2.07,8,0,
108,서울,2021-01-27 15:00,6,,3.8,270,23,2.1,-13.6,1012.4,1023,0.9,1.38,8,0,
108,서울,2021-01-27 16:00,5.6,,3,270,25,2.3,-12.9,1012.7,1023.3,1,1.2,8,0,
108,서울,2021-01-27 17:00,4.8,,3.3,250,25,2.1,-13.6,1012.9,1023.6,0.9,0.57,8,0,
108,서울,2021-01-27 18:00,3.6,,3.2,250,31,2.5,-11.9,1012.3,1023,0,0.1,8,0,
108,서울,2021-01-27 19:00,2.6,,3.2,290,41,3,-9.3,1012.1,1022.8,,,6,4,44
108,서울,2021-01-27 20:00,1.5,,2.6,270,47,3.2,-8.6,1011.8,1022.6,,,6,0,
108,서울,2021-01-27 21:00,1.1,,1.6,180,49,3.2,-8.4,1011.7,1022.5,,,6,0,
108,서울,2021-01-27 22:00,0.8,,1.9,180,51,3.3,-8.2,1011.7,1022.5,,,5,1,47
108,서울,2021-01-27 23:00,0.5,,1.4,270,49,3.1,-9,1011.3,1022.1,,,9,4,65
108,서울,2021-01-28 0:00,0.7,,1.7,290,48,3.1,-9,1010.8,1021.6,,,8,0,
108,서울,2021-01-28 1:00,0.3,,0.5,360,47,2.9,-9.7,1009.4,1020.2,,,9,4,53
108,서울,2021-01-28 2:00,0.2,,2.2,20,48,3,-9.5,1008.7,1019.5,,,9,7,37
108,서울,2021-01-28 3:00,0.1,,2.1,20,49,3,-9.3,1008,1018.8,,,8,0,
108,서울,2021-01-28 4:00,0.1,,1.8,50,51,3.1,-8.8,1006.7,1017.5,,,9,0,
108,서울,2021-01-28 5:00,-0.4,,2.4,50,52,3.1,-9,1005.9,1016.7,,,8,2,36
108,서울,2021-01-28 6:00,-0.1,,1.2,90,53,3.2,-8.5,1004.9,1015.7,,,8,3,33
108,서울,2021-01-28 7:00,-0.2,,0.6,70,54,3.2,-8.4,1005,1015.8,,,8,2,30
108,서울,2021-01-28 8:00,-0.3,,2,20,56,3.3,-8,1004.3,1015.1,0,0.02,8,4,41
108,서울,2021-01-28 9:00,0.7,,1.7,50,55,3.5,-7.3,1002.4,1013.1,0,0.15,9,9,29
108,서울,2021-01-28 10:00,0.5,,4.6,200,81,5.2,-2.3,1002.3,1013,0,0.11,10,9,2
108,서울,2021-01-28 11:00,0.3,,4,200,93,5.8,-0.7,1002.3,1013,0,0.1,10,9,2
108,서울,2021-01-28 12:00,0.8,2,4.2,270,82,5.3,-1.9,1002.6,1013.3,0,0.35,9,7,6
108,서울,2021-01-28 13:00,0.3,,5.1,290,65,4.1,-5.5,1002.9,1013.7,0,0.61,8,8,10
108,서울,2021-01-28 14:00,0.9,,7.3,270,39,2.5,-11.5,1003.3,1014,0.6,1.76,5,5,13
108,서울,2021-01-28 15:00,0,,4.3,270,44,2.7,-10.8,1004.3,1015.1,0.7,1.61,3,3,14
108,서울,2021-01-28 16:00,-1.3,,5.4,270,41,2.3,-12.8,1005.5,1016.3,0.6,0.93,3,3,16
108,서울,2021-01-28 17:00,-3.3,,6.8,290,38,1.8,-15.6,1006.4,1017.3,0.2,0.36,7,7,18
108,서울,2021-01-28 18:00,-4.6,,6.7,270,39,1.7,-16.4,1007.2,1018.2,0.2,0.14,2,2,17
108,서울,2021-01-28 19:00,-5.6,,5.2,270,46,1.8,-15.4,1008,1019,,,0,0,
108,서울,2021-01-28 20:00,-6.8,,5.3,270,53,1.9,-14.8,1009.2,1020.3,,,4,4,13
108,서울,2021-01-28 21:00,-7.7,,5,270,52,1.8,-15.8,1010.3,1021.5,,,2,2,11
108,서울,2021-01-28 22:00,-8.4,,5.5,290,50,1.6,-16.9,1010.8,1022,,,0,0,
108,서울,2021-01-28 23:00,-8.9,,6.2,270,46,1.4,-18.4,1011.6,1022.8,,,0,0,
108,서울,2021-01-29 0:00,-9.7,,7.1,270,44,1.3,-19.6,1012.4,1023.7,,,0,0,
108,서울,2021-01-29 1:00,-10.1,,5.7,270,43,1.2,-20.3,1013,1024.3,,,1,0,
108,서울,2021-01-29 2:00,-10.6,,6.4,270,41,1.1,-21.3,1013.9,1025.2,,,0,0,
108,서울,2021-01-29 3:00,-10.9,,5.1,270,44,1.2,-20.7,1014.3,1025.6,,,0,0,
108,서울,2021-01-29 4:00,-11.2,,3.2,270,46,1.2,-20.5,1014.4,1025.8,,,0,0,
108,서울,2021-01-29 5:00,-11.3,,4.1,270,44,1.1,-21.1,1014.5,1025.9,,,0,0,
108,서울,2021-01-29 6:00,-11.6,,3.2,270,47,1.2,-20.6,1014.8,1026.2,,,0,0,
108,서울,2021-01-29 7:00,-11.5,,4.1,270,47,1.2,-20.5,1015.4,1026.8,,,0,0,
108,서울,2021-01-29 8:00,-11.5,,3.8,290,42,1.1,-21.8,1016.2,1027.6,0.2,0.03,0,0,
108,서울,2021-01-29 9:00,-11,,2.7,270,41,1.1,-21.7,1016.5,1027.9,1,0.39,0,0,
108,서울,2021-01-29 10:00,-9.9,,3.9,270,37,1.1,-21.8,1016.6,1027.9,1,1.15,0,0,
108,서울,2021-01-29 11:00,-8.6,,3.6,290,34,1.1,-21.6,1017.1,1028.4,1,1.72,0,0,
108,서울,2021-01-29 12:00,-8.3,,4.6,290,31,1,-22.4,1016.5,1027.8,1,2.15,0,0,
108,서울,2021-01-29 13:00,-7.3,,4.8,290,31,1.1,-21.5,1015.9,1027.1,1,2.32,0,0,
108,서울,2021-01-29 14:00,-6.3,,4.2,290,33,1.3,-19.9,1015.4,1026.6,1,2.26,0,0,
108,서울,2021-01-29 15:00,-5.8,,4.6,320,31,1.2,-20.2,1015.5,1026.6,1,1.97,0,0,
108,서울,2021-01-29 16:00,-5,,3.2,270,33,1.4,-18.8,1015.6,1026.7,1,1.46,0,0,
108,서울,2021-01-29 17:00,-5.5,,3.3,270,33,1.3,-19.2,1015.7,1026.8,1,0.8,0,0,
108,서울,2021-01-29 18:00,-6.6,,3.2,290,35,1.3,-19.5,1015.6,1026.8,0.4,0.17,0,0,
108,서울,2021-01-29 19:00,-7.1,,1.7,270,38,1.4,-19,1015.4,1026.6,,,0,0,
108,서울,2021-01-29 20:00,-7.6,,1.8,270,39,1.4,-19.1,1015.8,1027,,,0,0,
108,서울,2021-01-29 21:00,-8,,1.8,50,43,1.4,-18.4,1015.7,1026.9,,,0,0,
108,서울,2021-01-29 22:00,-8.1,,1.3,20,45,1.5,-17.9,1016.1,1027.3,,,0,0,
108,서울,2021-01-29 23:00,-8,,1.1,340,49,1.6,-16.8,1016.4,1027.6,,,1,0,
108,서울,2021-01-30 0:00,-8.2,,0.7,340,48,1.6,-17.2,1016.2,1027.4,,,2,2,
108,서울,2021-01-30 1:00,-6.9,,1.5,90,49,1.8,-15.8,1016.2,1027.4,,,0,0,
108,서울,2021-01-30 2:00,-6.4,,3.3,50,49,1.9,-15.3,1015.2,1026.4,,,4,4,14
108,서울,2021-01-30 3:00,-6.4,,3.2,50,52,2,-14.6,1015.2,1026.4,,,9,9,10
108,서울,2021-01-30 4:00,-6.1,,2.8,70,51,2,-14.6,1014.2,1025.3,,,9,9,7
108,서울,2021-01-30 5:00,-5.9,,2.4,70,51,2,-14.4,1013.5,1024.6,,,9,9,7
108,서울,2021-01-30 6:00,-5.7,0,3.8,50,53,2.1,-13.7,1013.1,1024.2,,,9,9,6
108,서울,2021-01-30 7:00,-5.5,,3.2,50,54,2.2,-13.3,1013,1024.1,,,9,9,6
108,서울,2021-01-30 8:00,-5.4,,3.2,50,58,2.4,-12.3,1013.1,1024.2,0,0.01,9,9,5
108,서울,2021-01-30 9:00,-5.6,0.2,3.7,50,72,2.9,-9.8,1013.1,1024.2,0,0.04,9,9,5
108,서울,2021-01-30 10:00,-4.7,,2.1,50,80,3.5,-7.6,1013.5,1024.6,0,0.19,9,9,5
108,서울,2021-01-30 11:00,-3.4,,1.9,70,79,3.8,-6.5,1013.7,1024.7,0.2,0.56,9,9,5
108,서울,2021-01-30 12:00,-0.8,0.3,1.8,50,73,4.2,-5,1013.5,1024.4,1,1.68,4,4,8
108,서울,2021-01-30 13:00,2.9,,2.6,180,68,5.1,-2.4,1013,1023.7,1,2.01,0,0,
108,서울,2021-01-30 14:00,3.7,,4.5,290,65,5.2,-2.2,1013.5,1024.2,0.9,1.93,7,7,7
108,서울,2021-01-30 15:00,4.4,,3.3,270,52,4.3,-4.6,1013.9,1024.6,0.9,1.73,0,0,
108,서울,2021-01-30 16:00,4.9,,2.6,290,48,4.2,-5.2,1014.4,1025.1,1,1.39,0,0,
108,서울,2021-01-30 17:00,4.3,,3.8,250,41,3.4,-7.8,1015.1,1025.8,1,0.74,0,0,
108,서울,2021-01-30 18:00,2.7,,2.9,250,44,3.3,-8.3,1015.6,1026.4,0.4,0.18,0,0,
108,서울,2021-01-30 19:00,1.6,,1.7,270,51,3.5,-7.4,1016.5,1027.3,,,0,0,
108,서울,2021-01-30 20:00,0.8,,0.5,270,54,3.5,-7.4,1016.7,1027.6,,,0,0,
108,서울,2021-01-30 21:00,0.1,,1.6,270,61,3.8,-6.5,1017.4,1028.3,,,0,0,
108,서울,2021-01-30 22:00,-0.7,,0.9,270,64,3.7,-6.6,1017.6,1028.5,,,0,0,
108,서울,2021-01-30 23:00,-1.3,,1.3,250,70,3.9,-6,1018.1,1029.1,,,0,0,
108,서울,2021-01-31 0:00,-1.5,,1.4,290,73,4,-5.7,1018.5,1029.5,,,0,0,
108,서울,2021-01-31 1:00,-2.1,,0.8,290,76,4,-5.7,1018.7,1029.7,,,0,0,
108,서울,2021-01-31 2:00,-2.5,,2,20,76,3.9,-6.1,1019,1030,,,0,0,
108,서울,2021-01-31 3:00,-2.9,,1.6,70,72,3.6,-7.2,1019.2,1030.3,,,0,0,
108,서울,2021-01-31 4:00,-3.2,,1.7,70,71,3.4,-7.7,1018.9,1030,,,1,0,
108,서울,2021-01-31 5:00,-3.4,,1.8,20,73,3.5,-7.5,1019.1,1030.2,,,1,0,
108,서울,2021-01-31 6:00,-3.6,,2.5,70,74,3.5,-7.5,1018.5,1029.6,,,1,0,
108,서울,2021-01-31 7:00,-3.2,,2.5,70,72,3.5,-7.5,1018.7,1029.8,,,0,0,
108,서울,2021-01-31 8:00,-3.1,,4,50,71,3.5,-7.6,1019,1030.1,0,0.02,0,0,
108,서울,2021-01-31 9:00,-1.8,,3.1,70,67,3.6,-7.1,1019,1030,1,0.37,2,0,
108,서울,2021-01-31 10:00,0.8,,3.3,50,57,3.7,-6.7,1018.8,1029.7,1,1.05,7,0,
108,서울,2021-01-31 11:00,2.6,,2.7,70,49,3.6,-7,1018.4,1029.2,1,1.64,7,0,
108,서울,2021-01-31 12:00,4.8,,2.8,70,43,3.7,-6.7,1017.5,1028.2,1,1.95,5,0,
108,서울,2021-01-31 13:00,6.4,,3,70,37,3.6,-7.2,1016.1,1026.7,0.8,1.8,6,6,9
108,서울,2021-01-31 14:00,7.7,,3.3,50,35,3.7,-6.8,1015,1025.6,0.7,1.67,7,7,9
108,서울,2021-01-31 15:00,8.4,,1.8,70,37,4.1,-5.4,1014.2,1024.7,0.6,1.26,6,6,10
108,서울,2021-01-31 16:00,8.6,,2.2,50,39,4.3,-4.6,1013.7,1024.2,0.4,0.75,8,8,12
108,서울,2021-01-31 17:00,8.3,,2,50,42,4.6,-3.8,1013.1,1023.6,0.2,0.36,8,8,11
108,서울,2021-01-31 18:00,7.9,,0.8,20,46,4.9,-3,1013.3,1023.8,0,0.05,8,8,11
108,서울,2021-01-31 19:00,7.4,,0.9,70,52,5.4,-1.8,1012.9,1023.5,,,8,8,11
108,서울,2021-01-31 20:00,6.8,,1.4,70,52,5.2,-2.3,1012.5,1023.1,,,8,8,11
108,서울,2021-01-31 21:00,6.5,,1.1,70,54,5.2,-2.1,1012.1,1022.7,,,8,8,11
108,서울,2021-01-31 22:00,6.3,,1.4,50,58,5.6,-1.3,1011.6,1022.2,,,1,1,12
108,서울,2021-01-31 23:00,5.8,,1.3,50,60,5.6,-1.3,1011.2,1021.8,,,10,7,11
