날짜,PM10,평균기온(°C),일강수량(mm),평균 풍속(m/s),최다풍향(16방위),평균 증기압(hPa),평균 현지기압(hPa),합계 일사량(MJ/m2),평균 전운량(1/10),평균 지면온도(°C)
2018-01-01,33.0,-1.3,0.0,1.4,290,2.1,1016.8,6.14,1.0,-1.7
2018-01-02,32.0,-1.8,0.0,1.8,290,2.2,1018.1,5.36,2.3,-2.3
2018-01-03,30.0,-4.7,0.0,2.2,290,1.8,1019.9,6.56,3.6,-3.4
2018-01-04,39.0,-4.7,0.0,1.4,290,1.8,1016.5,4.73,6.5,-3.3
2018-01-05,48.0,-3.0,0.0,1.7,290,2.4,1010.3,5.96,3.6,-2.6
2018-01-06,39.0,-2.8,0.0,1.5,290,2.2,1012.9,6.79,0.0,-3.1
2018-01-07,47.0,-0.8,0.0,0.8,90,2.4,1010.7,3.75,7.5,-2.2
2018-01-08,52.0,1.3,0.9,1.8,270,3.4,1000.6,2.39,9.0,0.4
2018-01-09,37.0,-4.2,0.5,2.9,290,2.7,1002.8,5.6,3.5,-1.2
2018-01-10,28.0,-7.5,0.3,3.0,290,1.8,1007.9,6.85,0.9,-2.9
2018-01-11,29.0,-11.1,0.0,2.8,290,1.3,1015.9,6.8,0.4,-5.6
2018-01-12,20.0,-10.2,0.0,1.7,290,1.0,1020.6,7.11,2.3,-6.1
2018-01-13,55.0,-4.4,0.4,0.8,50,3.0,1021.1,2.8,8.3,-2.8
2018-01-14,67.0,0.6,0.0,1.2,90,4.0,1017.9,4.55,7.0,-1.1
2018-01-15,64.0,4.7,0.2,1.4,290,5.4,1012.8,4.67,7.6,1.5
2018-01-16,99.0,3.5,0.0,0.7,20,4.6,1007.6,2.4,9.8,0.7
2018-01-17,96.0,4.5,0.0,1.2,290,5.4,1007.2,4.17,7.4,1.7
2018-01-18,77.0,2.1,0.0,1.9,290,4.3,1012.9,13.930274977085253,8.6,1.3
2018-01-19,49.0,1.0,0.0,1.6,290,2.8,1013.5,6.56,3.8,0.3
2018-01-20,86.0,2.2,0.0,1.6,270,4.2,1012.0,4.51,5.1,0.2
2018-01-21,53.0,0.4,0.0,1.0,290,2.2,1012.7,5.88,2.0,-0.5
2018-01-22,40.0,0.2,3.3,1.5,290,3.5,1005.2,1.91,9.4,-0.2
2018-01-23,20.0,-11.7,0.0,3.7,290,1.1,1013.4,7.62,0.3,-4.4
2018-01-24,25.0,-14.2,0.0,3.4,290,0.7,1018.3,7.73,0.0,-8.3
2018-01-25,21.0,-14.0,0.0,2.8,340,0.7,1019.1,7.28,3.6,-8.5
2018-01-26,29.0,-14.8,0.0,2.6,320,0.7,1018.9,13.930274977085253,0.0,-9.3
2018-01-27,39.0,-9.9,0.0,1.4,270,1.1,1017.8,7.5,1.8,-7.5
2018-01-28,26.0,-6.3,0.0,2.6,290,1.4,1011.6,6.38,3.3,-4.4
2018-01-29,37.0,-8.5,0.0,2.7,270,1.1,1013.0,7.68,0.1,-6.2
2018-01-30,35.0,-5.3,2.9,1.3,200,2.8,1014.7,5.41,5.8,-4.6
2018-01-31,35.0,-2.6,0.0,1.6,290,2.7,1016.6,3.9,7.4,-1.8
2018-10-01,15.0,15.4,0.0,2.9,270,9.5,997.9,15.1,4.5,19.0
2018-10-02,22.0,15.9,0.0,1.6,290,10.7,1007.1,18.84,0.5,19.4
2018-10-03,22.0,17.3,0.0,1.3,290,10.9,1011.7,18.49,0.0,19.8
2018-10-04,22.0,19.3,0.0,1.3,70,12.2,1013.5,15.88,6.5,20.7
2018-10-05,9.0,16.9,36.5,1.7,70,16.1,1008.1,2.74,9.8,17.0
2018-10-06,5.0,18.0,55.5,2.2,90,17.2,997.1,6.86,7.5,18.8
2018-10-07,23.0,16.4,0.0,1.7,290,9.8,1006.6,15.65,2.9,16.2
2018-10-08,20.0,14.8,0.0,1.1,20,7.5,1009.3,15.28,4.4,14.1
2018-10-09,23.0,15.3,0.0,1.1,70,8.9,1005.9,8.89,9.0,14.3
2018-10-10,16.0,12.0,7.0,2.5,290,8.7,1007.1,10.3,6.8,13.1
2018-10-11,17.0,9.7,0.0,2.1,320,5.9,1012.5,15.42,1.4,8.9
2018-10-12,22.0,10.9,0.0,1.3,290,6.8,1015.6,17.67,0.0,12.7
2018-10-13,30.0,12.5,0.0,1.0,50,7.4,1015.2,16.78,0.0,13.8
2018-10-14,31.0,13.2,0.0,1.5,290,8.7,1012.5,16.08,3.4,14.9
2018-10-15,53.0,15.2,0.0,1.4,320,11.8,1009.9,11.26,4.0,15.7
2018-10-16,41.0,14.5,0.0,1.3,290,8.8,1006.5,13.15,5.6,15.4
2018-10-17,32.0,12.4,0.0,1.3,290,7.2,1005.8,16.44,0.0,14.9
2018-10-18,12.0,12.7,0.0,1.1,50,8.4,1010.0,13.37,3.1,14.8
2018-10-19,18.0,13.1,0.0,1.4,270,7.7,1014.9,16.23,0.0,14.9
2018-10-20,35.0,13.4,0.0,1.2,270,7.7,1015.3,15.97,1.1,15.1
2018-10-21,34.0,13.4,0.0,1.1,270,7.1,1013.1,15.77,2.4,14.8
2018-10-22,47.0,14.0,0.0,1.0,20,7.7,1009.9,12.13,5.3,15.1
2018-10-23,48.0,12.2,5.0,1.1,50,10.7,1007.2,7.68,5.4,13.1
2018-10-24,38.0,12.5,0.0,1.3,290,9.2,1010.5,13.64,0.5,12.4
2018-10-25,36.0,13.8,0.0,0.9,50,8.2,1010.1,13.56,4.0,12.7
2018-10-26,33.0,12.2,11.0,1.6,270,10.5,1001.6,3.0,7.5,12.8
2018-10-27,25.0,8.7,0.0,3.2,270,5.5,1004.5,11.6,1.6,8.7
2018-10-28,14.0,8.3,5.5,1.5,70,8.5,999.8,6.66,7.3,8.8
2018-10-29,17.0,7.2,0.0,2.0,290,5.8,1004.3,9.84,5.9,7.5
2018-10-30,21.0,6.1,0.0,1.6,270,4.8,1011.2,14.55,3.3,6.9
2018-10-31,21.0,7.4,0.0,1.6,290,5.5,1013.1,14.51,0.8,8.0
2018-11-01,31.0,8.4,0.0,1.3,290,5.6,1015.8,13.95,0.0,8.1
2018-11-02,41.0,10.6,0.0,1.1,20,6.7,1017.3,13.52,0.0,9.8
2018-11-03,50.0,11.2,0.0,1.3,20,7.1,1015.0,13.59,0.0,10.3
2018-11-04,41.0,11.6,0.0,1.3,270,7.1,1012.2,13.41,2.1,11.0
2018-11-05,56.0,11.9,0.0,1.1,270,8.8,1012.9,11.09,5.3,11.4
2018-11-06,96.0,12.2,0.0,0.9,270,9.9,1014.7,7.85,6.9,12.0
2018-11-07,58.0,12.8,2.0,1.1,70,11.7,1014.0,4.05,9.9,13.2
2018-11-08,11.0,11.8,64.0,1.8,90,13.0,1002.5,1.31,10.0,13.1
2018-11-09,37.0,12.1,1.0,3.1,270,9.6,1006.9,9.75,7.9,12.5
2018-11-10,70.0,11.9,0.0,1.4,290,9.3,1013.4,11.14,3.1,11.5
2018-11-11,66.0,8.1,0.0,1.1,50,7.3,1011.9,3.72,6.4,8.1
2018-11-12,30.0,8.1,0.0,1.2,320,5.5,1009.6,12.12,0.0,7.1
2018-11-13,38.0,8.8,0.0,1.1,290,5.7,1009.6,11.7,0.4,7.8
2018-11-14,31.0,9.8,0.0,1.1,320,6.5,1012.9,11.61,0.1,8.4
2018-11-15,43.0,9.7,0.0,1.0,20,6.4,1014.2,9.55,4.8,8.6
2018-11-16,51.0,8.8,0.0,1.7,290,7.3,1011.6,8.28,6.5,8.9
2018-11-17,31.0,4.9,0.0,1.4,290,4.2,1013.1,9.17,4.6,3.9
2018-11-18,33.0,6.1,0.0,1.1,270,4.6,1011.2,7.49,6.9,5.6
2018-11-19,54.0,6.5,0.0,1.4,20,4.8,1012.2,7.83,1.9,5.6
2018-11-20,45.0,6.5,0.2,1.8,200,3.7,1014.4,11.03,2.0,5.3
2018-11-21,32.0,5.8,1.0,1.2,340,5.3,1013.9,2.95,8.4,6.3
2018-11-22,22.0,2.3,0.0,2.4,270,2.5,1015.5,10.82,0.8,2.2
2018-11-23,24.0,1.9,0.0,1.4,290,2.0,1017.9,10.76,3.1,1.5
2018-11-24,23.0,2.6,10.9,1.8,70,5.2,1013.2,3.38,9.0,0.6
2018-11-25,46.0,4.8,0.0,1.0,20,6.6,1014.0,7.9,3.8,3.3
2018-11-26,62.0,6.3,0.0,1.0,20,6.5,1014.3,10.05,0.6,4.7
2018-11-27,117.0,7.1,0.0,1.5,70,6.6,1012.3,4.62,6.1,5.2
2018-11-28,109.0,5.0,0.0,1.6,290,2.3,1014.3,9.68,3.8,3.2
2018-11-29,70.0,3.5,0.0,1.3,290,3.3,1016.1,2.81,5.8,1.3
2018-11-30,57.0,2.7,0.0,1.4,270,3.3,1016.5,10.22,1.0,2.1
2018-12-01,45.0,5.5,0.0,1.0,20,3.8,1016.6,9.88,3.6,3.2
2018-12-02,45.0,8.2,0.0,1.3,90,5.5,1013.1,5.59,6.5,5.1
2018-12-03,43.0,11.5,9.5,1.4,90,11.9,1005.9,0.65,9.9,9.4
2018-12-04,33.0,6.7,5.0,2.7,290,7.9,1009.1,3.33,7.8,7.5
2018-12-05,27.0,0.0,0.0,1.5,290,2.4,1016.5,6.33,6.4,0.8
2018-12-06,37.0,2.4,0.0,2.3,270,3.7,1012.9,7.77,8.1,2.6
2018-12-07,22.0,-7.3,0.0,3.8,290,1.3,1021.6,10.91,1.1,-3.3
2018-12-08,23.0,-8.3,0.0,2.6,340,1.2,1022.9,10.75,1.4,-5.2
2018-12-09,21.0,-7.2,0.0,1.5,290,1.0,1025.7,10.57,2.0,-4.9
2018-12-10,34.0,-2.5,0.0,0.9,50,1.7,1023.5,9.46,3.0,-2.3
2018-12-11,42.0,0.2,0.0,1.2,20,2.8,1017.8,3.59,7.9,-0.6
2018-12-12,46.0,-1.9,0.0,2.2,290,2.0,1018.8,10.42,0.0,-1.0
2018-12-13,39.0,-2.2,1.3,2.0,320,3.0,1018.6,5.83,5.0,-0.6
2018-12-14,31.0,-4.4,0.0,1.7,290,1.9,1024.2,10.4,0.0,-2.3
2018-12-15,59.0,-2.4,0.0,1.0,20,2.3,1021.4,8.83,3.6,-1.9
2018-12-16,58.0,0.0,0.3,0.9,50,3.9,1010.0,3.19,9.3,-0.3
2018-12-17,74.0,1.6,0.3,1.8,290,4.0,1007.8,8.92,1.3,0.7
2018-12-18,46.0,2.6,0.0,1.4,230,4.1,1009.4,7.67,3.0,-0.4
2018-12-19,50.0,4.0,0.0,1.4,290,4.2,1010.4,9.29,2.9,2.6
2018-12-20,54.0,3.4,0.0,0.9,20,3.4,1012.8,8.78,3.1,2.1
2018-12-21,70.0,5.6,0.0,1.1,70,3.6,1012.5,5.82,8.5,2.1
2018-12-22,79.0,6.9,0.0,1.5,290,4.7,1012.5,8.93,4.3,5.0
2018-12-23,50.0,2.4,0.0,2.9,290,3.2,1014.1,9.58,2.6,3.3
2018-12-24,22.0,-2.3,0.0,1.6,290,1.8,1017.0,10.5,0.3,-0.2
2018-12-25,32.0,0.6,0.0,1.2,50,3.6,1013.3,5.67,7.4,-0.3
2018-12-26,47.0,-1.5,0.0,2.8,290,2.4,1014.9,9.97,4.4,1.4
2018-12-27,25.0,-10.1,0.0,3.5,290,0.8,1019.5,10.44,0.5,-4.0
2018-12-28,34.0,-10.5,0.0,2.5,290,0.9,1021.6,10.36,0.6,-5.4
2018-12-29,36.0,-7.6,0.0,2.9,290,1.0,1024.3,10.57,0.0,-4.3
2018-12-30,32.0,-6.8,0.0,1.2,290,1.3,1026.8,10.48,0.8,-4.3
2018-12-31,46.0,-5.4,0.0,1.2,290,1.6,1026.2,9.16,1.6,-4.5
2018-02-01,34.0,-4.0,0.0,1.6,290,1.9,1018.3,8.09,0.0,-3.1
2018-02-02,46.0,-2.4,0.0,1.6,290,2.5,1017.5,7.29,1.9,-2.8
2018-02-03,32.0,-7.3,0.5,3.8,290,1.7,1017.2,13.65,1.3,-3.7
2018-02-04,28.0,-9.5,0.0,3.1,290,1.2,1017.3,13.65,0.0,-6.6
2018-02-05,23.0,-9.4,0.0,3.0,290,1.1,1015.1,14.31,0.1,-6.8
2018-02-06,26.0,-10.1,0.0,3.1,290,1.0,1014.4,14.13,1.1,-6.9
2018-02-07,34.0,-8.0,0.0,1.5,290,1.2,1015.4,13.39,1.0,-6.1
2018-02-08,45.0,-4.4,0.0,1.2,20,1.8,1014.0,13.05,0.3,-3.9
2018-02-09,63.0,0.4,0.0,1.1,230,2.8,1011.8,6.56,9.1,-1.3
2018-02-10,63.0,-0.5,0.0,3.0,290,3.1,1010.9,9.41,6.5,0.2
2018-02-11,43.0,-6.1,0.0,2.7,270,1.7,1011.3,12.26,3.5,-3.4
2018-02-12,39.0,-5.8,0.0,2.7,270,1.7,1011.0,13.74,4.1,-3.2
2018-02-13,41.0,-0.8,0.0,2.7,200,3.2,1011.0,13.72,3.1,-1.5
2018-02-14,58.0,3.5,0.0,2.6,250,4.1,1006.3,6.92,7.4,1.7
2018-02-15,31.0,-0.7,0.0,2.5,290,1.6,1011.5,13.930274977085253,3.8,0.9
2018-02-16,37.0,-1.1,0.0,2.1,270,2.3,1008.1,14.1,3.3,-0.1
2018-02-17,39.0,-3.0,0.0,2.9,290,1.2,1014.1,15.8,1.9,-0.8
2018-02-18,30.0,-0.4,0.0,1.3,270,1.6,1015.5,11.22,7.4,-0.1
2018-02-19,51.0,1.8,0.0,1.5,290,3.4,1013.3,10.08,6.1,1.1
2018-02-20,55.0,0.9,0.0,2.5,290,2.5,1012.8,13.56,5.0,1.2
2018-02-21,31.0,-0.9,0.0,2.3,290,1.7,1013.4,15.28,1.6,0.2
2018-02-22,38.0,1.3,0.4,2.2,230,4.0,1010.6,9.45,5.8,0.2
2018-02-23,79.0,4.2,3.7,1.9,230,6.6,1010.1,9.43,7.0,2.4
2018-02-24,67.0,2.4,0.0,2.1,290,3.6,1016.8,13.09,6.1,2.8
2018-02-25,36.0,1.9,0.0,1.7,290,2.7,1014.6,16.17,2.4,2.7
2018-02-26,56.0,3.1,0.0,1.4,290,3.0,1013.9,16.36,1.3,2.5
2018-02-27,82.0,4.2,0.0,0.9,90,4.1,1012.5,2.86,8.5,0.4
2018-02-28,63.0,4.6,25.0,2.0,90,6.1,1000.1,1.71,10.0,2.0
2018-03-01,35.0,-0.2,0.5,3.8,290,3.9,1001.1,17.94,4.4,2.5
2018-03-02,57.0,-0.7,0.0,1.5,290,1.9,1007.5,19.03,2.4,1.1
2018-03-03,49.0,7.9,0.0,1.5,270,4.0,1003.7,18.04,4.1,5.3
2018-03-04,25.0,9.8,11.5,1.2,90,10.7,1003.0,3.92,10.0,7.6
2018-03-05,8.0,5.5,3.5,2.0,50,6.0,1007.9,13.8,5.4,6.7
2018-03-06,25.0,4.5,0.0,1.6,20,3.7,1018.8,17.85,2.1,4.1
2018-03-07,25.0,6.4,0.5,1.8,90,5.1,1016.7,10.76,8.6,4.4
2018-03-08,27.0,4.6,4.0,1.9,320,6.4,1009.3,10.3,8.1,6.5
2018-03-09,41.0,4.5,0.0,1.5,290,5.3,1012.6,10.22,5.9,4.3
2018-03-10,40.0,4.6,0.0,2.0,290,5.5,1013.4,16.45,4.6,5.0
2018-03-11,50.0,6.4,0.0,2.0,290,4.6,1014.7,18.11,2.8,7.2
2018-03-12,76.0,8.0,0.0,1.4,290,4.9,1011.8,13.92,3.3,6.6
2018-03-13,55.0,12.4,0.0,1.8,230,9.0,1008.3,14.17,5.9,10.6
2018-03-14,20.0,17.0,0.0,2.3,230,11.1,1008.5,15.46,6.0,14.8
2018-03-15,20.0,12.4,27.0,2.1,270,13.3,1003.3,1.47,9.8,12.2
2018-03-16,13.0,7.1,0.0,1.9,90,4.6,1014.1,21.16,1.4,9.6
2018-03-17,28.0,6.6,0.0,1.5,270,4.6,1016.6,17.87,4.4,7.9
2018-03-18,54.0,8.2,0.5,1.2,290,6.0,1010.7,7.19,9.8,8.8
2018-03-19,30.0,8.0,1.0,2.5,90,6.9,1006.2,3.33,9.5,7.5
2018-03-20,17.0,4.7,0.0,3.4,90,3.4,1013.0,14.36,6.9,5.2
2018-03-21,13.0,2.1,1.0,1.7,20,4.5,1007.5,6.13,9.9,3.2
2018-03-22,36.0,4.9,0.0,2.2,270,5.0,1004.4,20.45,1.5,7.3
2018-03-23,60.0,6.1,0.0,2.0,270,4.9,1009.1,19.08,4.6,7.6
2018-03-24,101.0,7.6,0.0,2.1,270,6.5,1011.8,15.35,6.3,9.5
2018-03-25,115.0,9.6,0.0,1.7,290,7.5,1014.0,19.12,3.4,11.2
2018-03-26,102.0,11.0,0.0,1.9,290,7.8,1011.3,19.06,3.6,12.2
2018-03-27,81.0,13.3,0.0,1.6,250,9.3,1007.3,15.98,2.6,12.6
2018-03-28,48.0,14.0,0.0,2.2,250,10.4,1006.6,13.94,4.3,13.1
2018-03-29,51.0,15.4,0.0,1.6,270,11.2,1009.6,14.86,4.9,15.1
2018-03-30,55.0,14.8,0.0,1.7,90,8.8,1012.7,20.01,0.5,14.9
2018-03-31,46.0,14.0,0.0,1.9,270,8.0,1009.9,17.08,4.4,14.5
2018-04-01,59.0,15.6,0.0,1.5,200,12.3,1006.3,7.25,9.1,14.3
2018-04-02,57.0,18.4,0.0,1.9,230,13.1,1005.4,14.14,6.1,17.8
2018-04-03,55.0,17.8,0.1,2.1,230,14.7,1006.4,6.88,9.1,17.2
2018-04-04,12.0,13.4,18.5,1.9,90,10.1,1007.4,19.56,6.1,15.9
2018-04-05,8.0,7.6,10.5,2.0,90,9.4,1005.7,2.15,9.9,8.9
2018-04-06,89.0,5.8,6.5,3.1,270,6.7,1001.0,11.19,8.9,8.7
2018-04-07,39.0,4.2,0.2,4.1,270,3.7,1003.4,18.24,5.1,6.2
2018-04-08,26.0,3.9,3.0,1.8,90,4.7,1004.7,7.93,6.1,5.2
2018-04-09,36.0,7.9,0.0,1.1,20,5.4,1007.5,21.52,2.6,10.0
2018-04-10,37.0,15.1,5.0,3.5,200,9.0,1000.0,17.52,6.3,13.0
2018-04-11,48.0,12.6,0.0,3.0,270,6.9,1000.8,24.86,2.6,15.1
2018-04-12,37.0,13.3,0.0,2.6,320,4.3,1007.7,24.56,1.3,13.6
2018-04-13,29.0,14.6,0.0,1.3,110,3.7,1011.8,12.68,8.9,12.1
2018-04-14,18.0,9.0,9.0,1.8,290,8.9,999.5,3.49,8.9,9.4
2018-04-15,56.0,9.5,0.0,2.4,270,7.6,1002.3,17.29,3.1,11.4
2018-04-16,30.0,11.6,0.0,1.6,270,5.4,1009.3,24.79,1.0,13.3
2018-04-17,47.0,12.9,0.0,1.9,290,5.4,1009.5,24.03,0.9,14.2
2018-04-18,55.0,12.4,0.0,1.9,290,4.9,1007.4,25.09,0.4,16.2
2018-04-19,66.0,14.0,0.0,1.9,290,5.9,1007.8,22.36,0.0,17.5
2018-04-20,86.0,18.4,0.0,1.3,20,9.3,1009.3,22.68,0.5,20.6
2018-04-21,62.0,18.7,0.0,1.9,270,6.0,1008.1,26.14,3.4,21.4
2018-04-22,33.0,15.5,15.5,1.1,110,9.7,1007.9,5.09,9.5,14.4
2018-04-23,9.0,9.3,59.0,2.2,110,10.9,1005.0,2.59,10.0,9.9
2018-04-24,8.0,12.1,3.0,1.4,110,8.8,1001.6,10.14,8.0,12.6
2018-04-25,29.0,14.6,0.0,1.5,290,5.9,1003.2,24.97,0.8,16.1
2018-04-26,37.0,14.9,0.0,2.1,290,8.3,1003.7,21.87,3.9,17.9
2018-04-27,51.0,15.7,0.0,1.7,290,9.1,1004.2,22.9,0.1,19.3
2018-04-28,56.0,15.4,0.0,2.0,290,8.0,1006.2,26.04,0.0,20.0
2018-04-29,48.0,16.2,0.0,1.9,290,7.4,1003.4,24.5,2.4,20.5
2018-04-30,74.0,19.2,0.0,1.6,290,13.6,1004.4,20.74,5.5,23.0
2018-05-01,56.0,20.4,0.0,1.5,320,17.3,1003.5,12.42,8.5,23.5
2018-05-02,42.0,15.1,12.0,1.9,70,15.8,994.9,2.47,9.9,16.0
2018-05-03,24.0,11.2,1.0,2.7,290,8.1,997.4,12.18,3.6,11.4
2018-05-04,35.0,14.1,0.0,2.7,270,7.0,1001.5,27.26,1.4,17.9
2018-05-05,36.0,18.3,0.0,2.6,230,9.6,1004.7,22.26,6.0,20.4
2018-05-06,14.0,16.6,22.0,1.1,90,16.1,997.7,9.31,9.3,17.2
2018-05-07,30.0,19.2,0.0,1.2,290,12.5,996.5,17.7,6.0,18.4
2018-05-08,15.0,17.5,0.0,1.7,110,10.0,1003.9,23.25,3.0,21.3
2018-05-09,18.0,15.7,0.0,1.7,90,8.8,1010.6,26.77,0.1,21.7
2018-05-10,36.0,15.4,0.0,2.3,270,11.5,1012.1,26.53,3.1,22.5
2018-05-11,52.0,16.1,0.0,1.8,290,10.5,1008.2,18.7,9.5,21.0
2018-05-12,29.0,14.2,32.0,0.9,50,14.4,999.8,1.32,10.0,14.6
2018-05-13,21.0,15.8,0.5,1.9,270,14.5,998.3,16.37,5.3,18.4
2018-05-14,68.0,18.2,0.0,1.4,270,14.5,1001.3,19.19,6.6,21.2
2018-05-15,66.0,23.2,0.0,1.1,230,15.5,1000.0,21.18,8.5,25.3
2018-05-16,38.0,22.3,45.0,1.9,200,25.1,995.1,1.6,10.0,21.6
2018-05-17,14.0,20.9,83.0,1.4,270,24.0,994.0,3.96,10.0,21.2
2018-05-18,16.0,16.3,6.5,1.3,70,16.3,996.2,5.64,8.3,18.2
2018-05-19,11.0,17.6,0.0,1.5,90,9.1,1005.9,29.13,0.0,21.2
2018-05-20,11.0,17.0,0.0,1.4,90,6.1,1009.2,14.42,4.6,16.9
2018-05-21,18.0,17.8,0.0,1.4,110,9.1,1007.9,24.59,3.9,21.8
2018-05-22,38.0,18.1,12.5,1.1,290,15.5,1002.0,10.87,9.0,19.0
2018-05-23,40.0,17.3,6.5,2.5,320,10.7,998.4,29.2,1.4,21.9
2018-05-24,81.0,18.3,0.0,2.2,230,9.6,999.5,27.02,0.5,22.1
2018-05-25,79.0,19.7,0.0,1.8,290,10.1,998.5,25.48,3.4,23.1
2018-05-26,74.0,21.8,0.0,1.4,290,12.3,998.8,26.86,1.0,26.3
2018-05-27,56.0,20.3,0.0,1.7,320,11.0,1000.4,17.12,7.3,23.6
2018-05-28,44.0,22.3,0.0,1.6,270,13.2,999.9,26.49,3.8,27.9
2018-05-29,38.0,21.4,1.0,1.8,290,17.5,1001.2,13.34,9.4,25.2
2018-05-30,43.0,20.2,0.0,1.9,270,16.2,1000.0,21.67,4.6,24.8
2018-05-31,36.0,20.9,0.0,1.9,290,13.9,1001.4,26.94,0.9,28.3
2018-06-01,34.0,23.8,0.0,1.9,290,14.1,1004.7,27.94,0.0,30.6
2018-06-02,39.0,23.4,0.0,2.0,270,12.0,1005.1,28.49,1.4,30.8
2018-06-03,29.0,24.0,0.0,1.6,270,10.8,1003.0,27.18,4.0,31.0
2018-06-04,38.0,22.6,0.0,1.9,290,13.6,1002.6,21.13,7.9,27.4
2018-06-05,38.0,23.7,0.0,1.7,290,14.7,1001.6,24.35,1.4,30.7
2018-06-06,42.0,23.0,0.0,2.0,270,17.4,1002.1,26.6,1.0,30.9
2018-06-07,42.0,22.2,0.0,2.0,270,17.9,1001.7,24.04,4.5,30.0
2018-06-08,29.0,21.9,0.0,2.1,290,17.5,998.8,18.52,5.5,31.1
2018-06-09,35.0,23.7,0.5,1.4,90,17.0,997.1,20.24,6.6,29.7
2018-06-10,9.0,21.3,0.5,1.4,90,14.9,994.7,12.82,9.5,23.7
2018-06-11,11.0,20.2,5.0,1.4,70,15.7,990.9,11.27,8.5,24.5
2018-06-12,13.0,21.3,0.0,1.7,290,16.0,993.0,23.45,4.5,26.2
2018-06-13,24.0,22.0,0.0,1.5,50,16.7,996.2,15.75,7.4,25.3
2018-06-14,30.0,21.6,29.0,1.1,90,19.0,997.7,10.34,9.5,22.7
2018-06-15,15.0,21.7,16.5,1.4,90,15.2,1001.0,23.64,6.1,24.0
2018-06-16,22.0,22.5,0.0,1.4,290,15.1,1002.1,28.06,0.8,26.8
2018-06-17,46.0,22.8,0.0,1.3,270,18.2,1000.3,14.78,7.8,25.3
2018-06-18,40.0,24.8,0.0,1.5,290,16.4,996.9,26.17,3.6,30.4
2018-06-19,34.0,22.4,0.0,1.8,250,16.2,994.8,17.65,8.1,26.4
2018-06-20,38.0,22.7,0.0,2.3,290,18.3,994.0,24.52,5.4,28.9
2018-06-21,34.0,23.7,0.0,2.2,290,17.0,997.1,28.21,3.0,32.2
2018-06-22,37.0,25.0,0.0,1.8,290,12.9,998.3,27.4,5.1,30.6
2018-06-23,35.0,24.5,0.0,2.0,270,15.3,994.8,22.19,8.0,30.7
2018-06-24,62.0,25.2,0.0,1.9,270,18.8,998.1,25.7,4.0,32.8
2018-06-25,57.0,27.1,0.0,1.2,290,19.5,1000.2,20.44,7.9,31.7
2018-06-26,56.0,22.3,71.5,2.4,230,23.5,993.7,1.29,10.0,22.5
2018-06-27,26.0,22.3,1.0,2.0,250,21.8,992.3,13.56,8.8,23.7
2018-06-28,24.0,23.3,26.5,1.1,180,24.1,989.6,9.31,9.5,24.5
2018-06-29,36.0,24.7,6.5,1.5,270,24.0,993.1,18.79,7.3,26.6
2018-06-30,60.0,24.4,14.5,0.9,50,25.5,999.6,8.76,9.1,24.7
2018-07-01,12.0,21.9,83.5,0.8,110,24.8,999.3,2.09,9.9,22.2
2018-07-02,12.0,22.6,59.5,0.7,50,26.1,997.5,4.73,9.6,23.5
2018-07-03,14.0,27.4,0.1,0.8,70,26.4,990.1,22.88,6.0,29.1
2018-07-04,20.0,27.3,0.0,1.7,290,24.9,988.1,22.43,7.1,30.0
2018-07-05,20.0,25.3,0.5,1.2,90,23.4,993.3,10.88,8.6,27.0
2018-07-06,6.0,23.9,0.0,1.8,90,17.1,998.2,15.83,8.5,27.0
2018-07-07,8.0,23.7,0.0,1.6,90,14.9,1000.3,27.32,3.6,30.9
2018-07-08,11.0,23.3,0.0,1.5,90,14.6,1002.4,23.98,7.0,29.8
2018-07-09,9.0,20.8,14.0,1.1,90,20.0,1004.9,4.0,9.9,22.4
2018-07-10,24.0,23.7,16.5,0.7,110,25.6,1004.4,5.92,9.8,23.9
2018-07-11,37.0,26.8,3.0,1.3,50,28.9,1004.9,8.74,9.6,26.9
2018-07-12,31.0,26.6,1.0,1.5,290,28.5,1003.4,9.92,7.5,27.0
2018-07-13,22.0,27.3,0.0,1.8,290,26.8,1002.4,15.6,6.4,28.9
2018-07-14,20.0,27.9,0.0,1.9,290,25.7,1001.4,21.51,5.0,30.6
2018-07-15,23.0,28.3,0.0,1.6,290,26.2,1002.3,22.91,2.6,32.6
2018-07-16,23.0,28.7,0.0,1.7,290,24.4,1002.4,26.67,0.4,33.4
2018-07-17,28.0,28.1,0.0,1.7,290,24.7,1002.2,25.57,1.3,34.3
2018-07-18,33.0,28.2,0.0,1.6,290,24.1,1001.9,25.14,0.8,34.2
2018-07-19,26.0,28.7,0.0,1.6,290,24.3,1001.1,27.8,0.1,35.6
2018-07-20,34.0,29.5,0.0,1.5,290,25.0,999.4,25.73,0.4,35.7
2018-07-21,34.0,30.6,0.0,1.5,290,22.5,999.0,26.62,0.3,36.1
2018-07-22,28.0,31.8,0.0,1.4,270,22.4,998.6,25.51,3.5,37.3
2018-07-23,31.0,31.7,0.0,1.8,290,25.0,999.0,18.94,7.9,37.1
2018-07-24,39.0,31.4,0.0,1.6,290,27.0,997.4,18.42,4.4,35.8
2018-07-25,34.0,30.1,0.0,2.4,230,28.0,997.5,14.36,6.3,36.1
2018-07-26,43.0,30.1,0.0,1.5,290,29.1,997.5,12.21,5.8,32.7
2018-07-27,52.0,30.9,0.0,1.9,290,30.3,997.2,19.29,2.3,36.2
2018-07-28,46.0,29.5,7.5,1.2,270,31.6,996.1,9.59,5.5,30.1
2018-07-29,18.0,31.3,0.0,1.2,50,23.1,994.2,22.33,2.4,32.2
2018-07-30,10.0,31.7,0.0,1.2,70,23.4,994.3,19.68,3.1,34.0
2018-07-31,18.0,32.6,0.0,1.5,90,24.2,994.7,24.5,2.8,38.8
2018-08-01,34.0,33.6,0.0,1.7,270,28.0,993.4,25.69,0.8,40.1
2018-08-02,40.0,33.7,0.0,1.6,290,28.0,995.6,18.58,4.0,36.8
2018-08-03,47.0,33.1,0.0,1.9,270,27.4,997.4,21.09,1.0,39.3
2018-08-04,27.0,31.1,0.0,2.4,270,26.9,998.2,20.45,3.4,37.8
2018-08-05,34.0,30.0,2.0,2.6,270,29.9,997.6,20.62,6.5,34.9
2018-08-06,38.0,30.5,6.5,1.6,290,30.9,996.8,17.86,7.6,31.4
2018-08-07,19.0,30.5,0.0,1.5,90,27.3,997.2,15.62,3.6,29.7
2018-08-08,30.0,31.0,0.0,2.1,290,28.2,996.8,20.59,3.0,35.5
2018-08-09,29.0,28.8,2.0,1.5,290,30.0,994.5,11.11,7.3,32.5
2018-08-10,16.0,30.7,0.0,1.4,340,26.1,993.6,21.85,3.5,32.7
2018-08-11,10.0,31.0,0.0,1.5,110,24.5,995.3,21.37,2.9,36.3
2018-08-12,17.0,30.6,5.0,1.5,160,26.3,997.4,18.23,6.5,34.7
2018-08-13,33.0,30.5,1.0,1.4,50,29.3,1000.4,12.29,7.3,29.9
2018-08-14,25.0,31.7,0.0,1.3,290,26.5,1000.0,18.37,6.9,34.7
2018-08-15,27.0,31.7,1.0,1.2,70,27.0,997.3,18.41,6.4,34.0
2018-08-16,19.0,29.9,0.0,1.7,90,21.3,999.6,24.88,3.3,35.5
2018-08-17,13.0,27.2,0.0,1.8,110,13.8,1002.4,26.23,0.0,34.6
2018-08-18,14.0,26.7,0.0,1.4,110,15.2,1001.1,23.27,5.0,34.1
2018-08-19,22.0,28.2,0.0,1.2,20,18.7,999.8,19.79,7.9,34.4
2018-08-20,31.0,29.1,0.0,2.0,140,22.1,995.3,15.07,8.4,32.7
2018-08-21,21.0,26.6,5.0,2.5,290,24.4,993.9,12.86,6.3,27.0
2018-08-22,20.0,30.7,0.0,1.1,110,22.8,994.7,22.27,4.5,34.6
2018-08-23,13.0,29.4,3.0,1.7,70,23.9,990.2,9.3,9.5,31.5
2018-08-24,8.0,24.4,7.5,2.5,290,26.2,987.5,5.69,9.6,24.7
2018-08-25,22.0,25.2,0.0,2.6,200,21.5,999.2,16.21,7.0,25.6
2018-08-26,19.0,23.2,2.0,1.2,50,19.4,1002.0,13.54,6.4,24.3
2018-08-27,11.0,22.7,19.5,0.8,70,25.0,1001.6,7.84,8.9,24.4
2018-08-28,11.0,23.7,96.5,0.9,90,27.1,1001.5,4.42,9.0,24.4
2018-08-29,14.0,25.2,42.0,2.4,200,27.3,999.1,2.75,10.0,24.8
2018-08-30,22.0,25.3,9.5,1.8,290,25.9,999.2,8.74,9.4,25.8
2018-08-31,23.0,25.6,0.1,1.6,290,21.4,1000.3,22.17,4.5,27.2
2018-09-01,19.0,25.5,0.0,1.3,70,18.7,1001.5,21.01,1.5,26.5
2018-09-02,14.0,25.1,0.0,1.5,90,17.6,999.2,20.34,5.5,28.4
2018-09-03,15.0,23.3,34.5,1.0,70,24.1,991.9,3.36,9.8,24.3
2018-09-04,15.0,23.2,0.0,2.2,290,19.2,988.0,21.64,5.1,24.0
2018-09-05,24.0,24.0,0.0,2.5,270,18.3,992.9,22.46,1.9,24.8
2018-09-06,31.0,24.1,1.0,2.0,200,20.5,994.2,11.03,7.9,24.7
2018-09-07,23.0,22.0,0.5,2.5,290,14.2,995.7,19.58,4.9,23.3
2018-09-08,21.0,21.7,0.0,1.7,290,12.2,1003.5,22.75,0.3,24.5
2018-09-09,19.0,22.2,0.0,1.2,70,12.5,1006.4,21.4,1.4,26.4
2018-09-10,11.0,22.9,0.0,1.6,90,13.5,1010.6,19.84,2.4,26.2
2018-09-11,13.0,21.6,0.0,1.5,70,12.3,1010.8,17.85,7.5,24.5
2018-09-12,15.0,22.8,0.0,1.4,70,14.3,1008.1,20.39,4.1,26.8
2018-09-13,19.0,23.5,0.0,1.2,70,18.1,1007.0,12.93,7.9,27.2
2018-09-14,17.0,23.5,0.5,1.3,70,19.0,1005.6,9.8,8.3,25.4
2018-09-15,11.0,23.3,0.2,1.0,70,21.6,1004.4,7.44,9.8,24.0
2018-09-16,33.0,22.2,2.0,1.7,270,22.2,1005.4,6.44,10.0,23.2
2018-09-17,25.0,22.3,0.1,1.9,290,16.7,1007.0,20.42,5.3,25.8
2018-09-18,30.0,22.0,0.0,1.2,290,15.4,1006.6,15.85,8.3,25.5
2018-09-19,34.0,22.1,0.2,1.0,50,15.4,1004.1,10.66,9.5,24.4
2018-09-20,14.0,19.0,5.0,1.8,90,18.0,1000.7,4.08,10.0,19.8
2018-09-21,7.0,19.4,18.0,1.3,90,19.2,1000.3,6.31,9.3,20.8
2018-09-22,25.0,20.8,6.5,1.8,270,14.6,1004.6,19.06,2.1,21.1
2018-09-23,26.0,19.4,0.0,1.6,270,11.6,1005.8,14.77,4.4,19.9
2018-09-24,13.0,17.6,0.0,2.1,320,9.4,1008.7,20.96,1.1,19.3
2018-09-25,14.0,17.8,0.0,1.1,20,9.3,1009.5,20.19,2.1,19.8
2018-09-26,8.0,19.4,0.0,1.7,90,10.6,1009.8,17.06,5.0,21.8
2018-09-27,8.0,18.9,0.0,1.3,70,10.2,1008.9,18.26,0.9,20.0
2018-09-28,14.0,17.5,0.0,1.2,70,11.6,1008.5,8.76,6.1,18.6
2018-09-29,14.0,20.2,0.0,1.0,70,12.6,1003.9,19.37,0.4,21.9
2018-09-30,17.0,17.6,0.0,2.3,270,10.4,996.1,16.95,0.6,21.2
2019-01-01,36.0,-5.0,0.0,2.1,290,2.1,1022.6,7.84,3.4,-3.9
2019-01-02,33.0,-4.9,0.0,1.7,270,1.7,1023.4,10.48,0.0,-3.3
2019-01-03,35.0,-3.5,0.0,1.4,290,1.8,1024.2,10.28,0.1,-2.6
2019-01-04,55.0,-1.1,0.0,1.2,20,3.3,1019.5,6.2,5.5,-1.4
2019-01-05,60.0,-2.8,0.0,2.2,290,2.0,1016.6,10.05,0.5,-1.2
2019-01-06,42.0,-2.8,0.0,1.2,290,1.7,1017.6,9.64,3.1,-1.2
2019-01-07,51.0,-1.9,0.0,1.4,290,2.4,1017.4,8.71,4.0,-2.0
2019-01-08,38.0,-3.5,0.0,2.6,290,1.4,1018.2,10.46,0.0,-2.0
2019-01-09,47.0,-4.7,0.0,1.3,50,1.2,1022.0,8.47,4.9,-4.1
2019-01-10,51.0,-0.6,0.0,1.3,290,3.0,1015.5,5.92,8.1,-0.7
2019-01-11,71.0,2.4,0.0,1.0,20,4.2,1014.2,8.53,6.1,1.2
2019-01-12,89.0,2.8,0.0,1.3,290,3.5,1012.1,7.71,3.9,2.6
2019-01-13,107.0,1.2,0.0,1.4,270,3.5,1014.8,9.97,0.0,0.5
2019-01-14,155.0,1.4,0.0,0.9,290,4.6,1014.8,6.03,4.5,-0.3
2019-01-15,122.0,-1.7,0.0,2.7,290,3.3,1013.2,6.93,3.8,0.7
2019-01-16,43.0,-5.2,0.0,2.3,270,1.9,1015.9,10.36,4.1,-1.8
2019-01-17,39.0,-0.3,0.0,1.7,290,2.6,1013.4,11.07,1.8,0.7
2019-01-18,53.0,0.6,0.0,1.3,290,2.9,1016.7,10.4,3.0,-0.3
2019-01-19,87.0,3.6,0.0,1.2,50,4.7,1011.7,6.27,7.8,2.1
2019-01-20,59.0,-1.4,0.0,3.2,290,2.2,1011.7,11.56,1.1,1.0
2019-01-21,42.0,-1.2,0.0,1.6,270,3.4,1010.7,3.07,4.1,-2.6
2019-01-22,61.0,1.7,0.0,1.7,20,4.3,1008.6,9.85,1.1,-0.7
2019-01-23,69.0,2.0,0.0,2.3,270,3.3,1009.6,10.85,0.9,1.3
2019-01-24,36.0,0.1,0.0,1.7,270,2.0,1013.7,11.71,2.1,0.2
2019-01-25,44.0,-1.2,0.0,2.6,290,1.6,1013.4,11.56,1.3,0.0
2019-01-26,40.0,-2.5,0.0,2.4,320,1.5,1017.5,12.29,0.0,-0.6
2019-01-27,34.0,-0.1,0.0,1.7,230,3.3,1015.9,10.31,4.3,-0.4
2019-01-28,73.0,1.2,0.0,3.1,290,2.7,1011.6,11.76,1.3,2.1
2019-01-29,62.0,-0.2,0.0,1.5,290,2.1,1016.9,11.87,2.1,0.3
2019-01-30,54.0,1.8,0.0,1.5,290,3.9,1014.9,9.13,6.9,1.6
2019-01-31,63.0,-2.0,0.0,2.9,290,1.6,1010.5,5.97,7.0,0.6
2019-10-01,43.0,23.1,0.0,1.8,320,18.7,1007.9,13.05,6.8,24.5
2019-10-02,22.0,21.6,23.1,3.0,360,22.5,1001.7,3.4,9.9,22.2
2019-10-03,8.0,22.4,4.6,2.8,340,19.4,996.4,10.14,6.3,22.6
2019-10-04,27.0,22.4,0.0,2.1,360,19.1,1002.4,16.23,3.6,22.9
2019-10-05,35.0,18.7,0.6,2.9,360,15.8,1006.1,8.24,7.0,20.8
2019-10-06,11.0,18.1,0.0,2.9,360,11.0,1012.3,16.17,6.1,19.1
2019-10-07,10.0,14.8,25.4,1.8,360,15.4,1007.9,1.49,9.5,16.7
2019-10-08,20.0,14.7,0.0,2.6,250,9.5,1008.2,16.78,2.6,16.7
2019-10-09,20.0,13.6,0.0,1.7,230,7.2,1009.5,17.42,1.9,14.1
2019-10-10,26.0,15.2,0.0,1.3,320,10.4,1006.3,8.06,9.0,16.0
2019-10-11,31.0,18.8,0.0,1.9,360,12.5,1005.2,16.44,0.9,18.4
2019-10-12,21.0,17.9,0.0,3.5,360,9.8,1008.0,17.37,0.6,18.2
2019-10-13,18.0,17.2,0.0,1.9,360,10.0,1012.2,16.52,2.1,17.8
2019-10-14,29.0,14.4,0.0,2.5,250,9.2,1014.8,14.54,1.9,17.1
2019-10-15,16.0,14.5,0.0,1.6,360,9.1,1017.6,14.07,3.0,14.5
2019-10-16,23.0,14.6,0.0,1.6,230,9.2,1016.0,15.6,5.3,16.3
2019-10-17,27.0,15.4,0.0,1.7,360,9.4,1014.1,12.02,4.8,17.2
2019-10-18,18.0,17.0,0.0,2.4,360,11.2,1011.9,12.08,7.1,17.4
2019-10-19,20.0,17.0,0.0,1.8,230,12.0,1010.4,15.17,0.8,17.5
2019-10-20,34.0,16.5,0.0,1.3,320,12.7,1011.4,14.67,0.6,18.1
2019-10-21,38.0,17.1,0.0,1.0,320,11.3,1008.5,14.4,2.1,15.9
2019-10-22,35.0,18.1,0.0,1.6,70,11.3,1007.5,13.66,4.4,18.3
2019-10-23,21.0,17.0,0.0,2.4,70,10.9,1008.9,8.08,8.0,17.3
2019-10-24,25.0,18.3,0.0,2.7,70,9.8,1009.1,11.56,4.5,19.4
2019-10-25,22.0,16.7,0.0,2.4,70,10.8,1007.4,12.29,6.6,17.2
2019-10-26,21.0,10.0,0.0,2.5,270,7.2,1008.5,13.08,2.3,12.6
2019-10-27,22.0,11.0,0.0,1.6,290,7.5,1009.1,14.45,0.9,12.0
2019-10-28,29.0,12.9,1.7,2.5,200,9.5,1005.3,11.62,5.6,13.0
2019-10-29,83.0,12.5,0.1,2.3,270,8.6,1005.5,12.41,1.6,12.4
2019-10-30,24.0,11.2,0.0,1.6,270,7.8,1011.1,14.08,0.3,11.2
2019-10-31,72.0,14.8,0.0,2.3,230,12.5,1010.1,10.34,4.6,14.2
2019-11-01,89.0,14.9,0.0,1.8,290,9.4,1011.3,13.85,1.9,14.8
2019-11-02,67.0,13.6,0.0,1.5,290,8.9,1009.9,7.69,8.1,13.5
2019-11-03,47.0,14.7,0.0,2.1,70,9.3,1009.6,12.51,4.0,15.1
2019-11-04,13.0,13.8,0.0,2.1,70,8.8,1011.5,13.83,0.0,13.7
2019-11-05,30.0,12.4,0.0,1.6,20,9.1,1009.0,11.04,1.4,12.4
2019-11-06,45.0,11.0,0.0,1.8,290,8.0,1006.6,10.63,5.0,11.0
2019-11-07,44.0,9.2,0.0,2.7,320,4.9,1007.5,13.4,1.6,10.3
2019-11-08,36.0,6.8,0.0,1.9,290,3.0,1011.1,13.98,0.0,7.3
2019-11-09,35.0,9.5,0.0,1.6,290,4.9,1011.0,13.15,0.3,8.6
2019-11-10,36.0,10.0,11.8,2.1,70,7.1,1001.2,6.6,8.9,10.5
2019-11-11,21.0,11.2,1.1,2.4,290,9.4,1000.8,8.97,5.9,11.4
2019-11-12,37.0,9.3,0.0,1.4,20,7.2,1010.5,8.06,3.6,8.5
2019-11-13,31.0,7.2,7.5,2.8,50,7.6,1007.2,1.25,8.5,7.7
2019-11-14,18.0,1.3,0.0,2.9,290,2.1,1013.7,13.15,1.0,2.6
2019-11-15,23.0,5.6,18.8,2.0,70,8.1,1007.6,1.92,8.1,6.2
2019-11-16,33.0,6.8,0.0,1.6,50,7.9,1010.1,8.92,5.5,7.6
2019-11-17,27.0,8.3,21.1,3.1,70,8.7,1006.9,1.32,9.3,7.6
2019-11-18,62.0,4.6,14.7,3.9,270,5.4,1008.7,10.26,7.1,6.9
2019-11-19,26.0,0.2,0.0,2.8,290,3.0,1015.5,11.93,1.4,2.4
2019-11-20,20.0,0.5,0.0,1.8,290,2.2,1020.9,12.18,0.0,2.0
2019-11-21,33.0,4.2,0.0,1.9,50,3.1,1021.4,7.4,6.1,2.9
2019-11-22,42.0,9.7,0.0,2.1,70,4.0,1017.0,11.2,1.4,6.3
2019-11-23,31.0,12.1,0.0,1.8,70,7.3,1013.4,8.5,6.1,8.7
2019-11-24,27.0,9.8,3.8,2.2,50,9.1,1010.1,3.84,7.1,8.7
2019-11-25,24.0,1.9,0.0,2.7,290,4.4,1019.1,7.87,4.4,3.8
2019-11-26,22.0,6.6,0.0,2.0,290,6.1,1018.6,9.78,3.9,5.7
2019-11-27,34.0,3.1,0.0,2.7,320,3.8,1017.7,10.43,4.0,3.7
2019-11-28,36.0,3.5,0.0,2.0,290,4.1,1019.1,11.21,1.8,3.8
2019-11-29,39.0,1.5,0.0,2.0,290,2.8,1020.9,11.4,0.9,2.4
2019-11-30,42.0,4.1,0.0,1.7,70,3.4,1018.0,8.01,6.0,3.2
2019-12-01,36.0,4.6,3.3,1.6,50,6.8,1011.4,1.89,9.3,5.2
2019-12-02,20.0,-0.1,0.0,3.1,290,2.9,1011.8,10.42,2.4,2.0
2019-12-03,26.0,0.5,0.6,1.6,20,4.1,1014.4,5.01,6.3,1.4
2019-12-04,25.0,2.0,0.0,1.8,290,2.9,1018.5,10.18,1.0,2.5
2019-12-05,20.0,-4.4,0.0,3.2,320,1.4,1025.3,11.34,0.0,-0.4
2019-12-06,28.0,-5.9,0.0,1.7,290,1.4,1025.0,11.24,0.6,-2.9
2019-12-07,46.0,-2.4,0.1,1.7,50,3.4,1018.9,2.86,6.6,-1.3
2019-12-08,49.0,-0.9,0.0,1.4,70,3.6,1018.0,10.65,1.1,-1.0
2019-12-09,61.0,3.2,0.0,2.5,70,4.5,1012.4,3.46,7.9,0.7
2019-12-10,101.0,8.1,1.7,1.2,50,8.8,1008.4,5.03,8.9,5.9
2019-12-11,73.0,6.3,0.2,3.4,270,6.3,1007.1,5.75,5.9,5.8
2019-12-12,19.0,-0.7,0.0,1.8,290,2.6,1018.0,10.73,0.0,0.6
2019-12-13,25.0,2.1,1.0,2.0,50,3.9,1015.7,6.07,6.8,1.1
2019-12-14,34.0,2.7,0.0,2.3,290,4.3,1017.3,10.07,3.0,3.1
2019-12-15,33.0,5.3,0.0,2.0,90,4.6,1018.2,8.91,2.9,3.1
2019-12-16,35.0,7.8,0.0,1.9,70,6.2,1012.1,7.71,6.1,4.6
2019-12-17,30.0,7.7,9.8,2.3,290,8.6,1005.4,1.17,8.6,6.9
2019-12-18,38.0,0.8,0.0,2.5,270,4.2,1013.2,9.83,3.5,2.4
2019-12-19,27.0,-0.8,0.0,2.4,290,2.7,1015.3,9.96,1.8,0.5
2019-12-20,28.0,-1.1,0.0,2.3,340,2.5,1018.6,10.45,1.4,0.3
2019-12-21,37.0,-1.2,0.6,1.7,50,4.0,1016.4,3.35,5.5,-1.4
2019-12-22,60.0,4.1,0.3,1.7,70,5.1,1010.1,7.2,7.8,2.2
2019-12-23,51.0,3.4,2.9,2.0,320,6.3,1011.5,5.1,6.1,3.4
2019-12-24,72.0,0.8,0.0,1.4,50,4.3,1016.6,9.43,0.8,1.4
2019-12-25,51.0,2.0,0.0,1.0,50,4.2,1013.1,6.64,5.9,1.5
2019-12-26,46.0,2.0,0.3,2.4,290,4.2,1007.2,3.72,5.4,2.4
2019-12-27,33.0,-1.7,0.0,2.1,340,2.4,1014.1,10.36,0.0,-0.9
2019-12-28,44.0,1.1,0.0,2.0,70,3.1,1017.7,8.09,3.5,-0.7
2019-12-29,45.0,3.8,1.4,2.9,70,4.2,1015.0,3.28,9.0,1.7
2019-12-30,35.0,2.7,0.4,2.9,320,5.5,1013.0,2.24,7.5,3.3
2019-12-31,26.0,-7.9,0.0,3.1,290,1.3,1023.7,11.11,1.3,-3.5
2019-02-01,35.0,-2.1,0.3,1.7,270,2.6,1013.0,9.71,3.0,-2.0
2019-02-02,56.0,1.4,0.0,1.0,70,4.0,1011.2,4.48,7.5,-0.2
2019-02-03,35.0,3.3,16.0,1.7,90,7.2,1002.2,0.54,9.3,2.2
2019-02-04,71.0,-0.6,0.0,2.1,290,2.3,1014.7,12.74,2.4,1.4
2019-02-05,76.0,2.8,0.0,1.0,50,2.6,1010.6,11.81,3.9,1.9
2019-02-06,90.0,5.1,0.0,1.3,20,5.0,1005.6,6.87,8.1,2.5
2019-02-07,59.0,-2.1,0.5,3.5,290,2.7,1011.9,13.09,4.3,2.4
2019-02-08,30.0,-6.1,0.0,2.3,290,1.2,1015.3,12.08,6.1,-2.4
2019-02-09,35.0,-5.4,0.0,2.7,320,1.2,1017.4,13.27,4.4,-2.2
2019-02-10,41.0,-5.0,0.0,1.7,290,1.3,1019.8,7.83,7.5,-2.6
2019-02-11,37.0,-3.0,0.0,2.3,270,1.7,1020.7,14.53,0.4,-0.6
2019-02-12,55.0,-0.6,0.0,1.9,290,2.1,1023.0,12.34,5.6,1.2
2019-02-13,38.0,-2.1,0.0,2.4,290,1.4,1022.0,14.15,1.8,0.4
2019-02-14,46.0,-0.5,0.0,1.4,250,1.4,1019.9,14.39,5.3,1.2
2019-02-15,38.0,-0.8,2.2,1.9,290,4.2,1012.9,3.57,9.1,-0.2
2019-02-16,56.0,-2.7,0.2,2.6,320,2.9,1013.5,13.19,2.4,1.1
2019-02-17,35.0,-1.8,0.0,1.9,270,2.5,1015.5,16.08,0.1,0.0
2019-02-18,39.0,0.9,0.0,1.3,290,2.7,1014.7,10.19,7.4,-0.6
2019-02-19,40.0,1.4,4.6,1.4,70,5.5,1008.7,3.43,9.4,0.0
2019-02-20,56.0,1.7,0.0,2.1,270,4.7,1014.5,6.26,6.5,1.8
2019-02-21,74.0,2.4,0.0,1.5,270,4.2,1015.9,14.6,0.0,3.1
2019-02-22,66.0,4.0,0.0,1.5,200,4.3,1011.3,15.33,5.4,4.0
2019-02-23,48.0,6.8,0.0,1.1,20,3.6,1012.8,16.04,2.9,5.2
2019-02-24,60.0,6.3,0.0,1.8,290,4.1,1012.1,16.07,1.6,5.0
2019-02-25,74.0,4.7,0.0,2.3,290,4.5,1011.1,14.21,4.8,5.7
2019-02-26,47.0,5.2,0.0,1.6,270,2.8,1013.4,16.25,3.6,5.3
2019-02-27,61.0,7.8,0.0,1.6,290,3.3,1010.7,12.84,7.5,6.5
2019-02-28,79.0,6.6,0.0,2.0,290,3.8,1008.4,14.07,3.3,5.9
2019-03-01,109.0,6.6,0.0,2.1,290,4.0,1011.2,15.38,0.3,6.1
2019-03-02,109.0,7.8,0.0,1.1,290,3.7,1008.7,13.57,5.8,5.9
2019-03-03,101.0,9.4,0.0,1.5,20,4.1,1002.5,15.37,4.8,7.7
2019-03-04,150.0,9.9,0.0,1.9,270,5.3,1003.2,14.87,2.3,10.5
2019-03-05,174.0,8.4,0.0,2.0,250,7.1,1009.6,9.21,8.6,8.7
2019-03-06,130.0,8.4,0.0,2.0,290,6.1,1005.6,10.39,6.3,9.1
2019-03-07,52.0,7.0,0.0,2.2,270,5.0,1009.1,15.76,1.5,9.9
2019-03-08,42.0,6.1,0.0,1.9,290,3.6,1014.3,18.67,0.1,8.2
2019-03-09,41.0,7.2,0.0,1.3,290,2.9,1011.2,14.44,5.4,8.4
2019-03-10,45.0,10.1,0.0,1.2,50,3.1,1003.2,8.91,7.1,10.1
2019-03-11,63.0,6.6,0.0,1.8,230,5.9,998.7,9.72,4.9,8.1
2019-03-12,76.0,3.9,0.0,2.7,270,4.6,1000.8,5.15,4.9,3.3
2019-03-13,35.0,3.5,0.0,3.3,270,2.9,1009.3,17.87,1.8,6.6
2019-03-14,40.0,5.0,0.0,1.9,200,3.9,1011.9,14.02,5.5,5.9
2019-03-15,51.0,5.5,3.5,1.6,270,6.3,1006.8,9.93,7.4,10.9
2019-03-16,37.0,4.3,0.0,1.8,290,5.6,1009.9,11.76,5.5,5.3
2019-03-17,32.0,6.3,0.0,2.0,290,5.0,1012.6,19.62,2.0,8.8
2019-03-18,36.0,7.1,0.0,1.4,270,4.1,1009.4,16.33,6.3,8.3
2019-03-19,59.0,10.0,0.0,1.4,20,6.5,1006.5,15.01,1.4,10.3
2019-03-20,89.0,10.3,16.5,1.4,90,9.7,999.8,4.38,8.8,8.6
2019-03-21,30.0,7.1,3.3,2.9,270,8.1,998.1,7.51,7.9,8.3
2019-03-22,33.0,3.3,0.0,2.8,290,3.0,1009.4,21.87,0.8,5.5
2019-03-23,22.0,3.3,1.7,2.4,320,3.7,1010.4,12.62,3.0,4.1
2019-03-24,24.0,4.3,0.0,2.3,230,3.7,1010.6,22.16,0.1,5.7
2019-03-25,40.0,7.3,0.0,2.0,230,5.7,1006.6,7.53,6.6,5.9
2019-03-26,51.0,11.4,0.0,2.0,270,6.4,1006.8,20.42,2.6,13.1
2019-03-27,82.0,11.6,0.0,3.0,200,8.9,1002.2,10.84,8.5,11.6
2019-03-28,74.0,9.4,0.0,2.6,270,5.6,1003.4,18.21,6.1,12.3
2019-03-29,34.0,9.2,0.0,2.1,320,3.8,1003.5,21.22,4.6,13.3
2019-03-30,31.0,5.2,1.8,2.9,270,6.3,1002.1,6.76,9.4,6.9
2019-03-31,38.0,4.4,0.0,3.2,290,3.8,1008.7,8.22,5.1,5.3
2019-04-01,22.0,5.5,0.0,2.5,270,3.4,1011.8,23.42,1.3,8.1
2019-04-02,29.0,6.7,0.0,2.2,290,3.4,1012.2,22.96,0.3,9.7
2019-04-03,34.0,7.6,0.0,2.3,290,3.6,1012.7,22.61,0.3,11.1
2019-04-04,32.0,9.2,0.0,2.5,270,4.7,1007.2,22.72,0.0,12.4
2019-04-05,63.0,11.4,0.0,2.9,230,5.1,999.4,20.11,3.0,14.2
2019-04-06,50.0,9.3,0.8,1.1,50,4.7,1001.7,4.48,8.5,8.9
2019-04-07,34.0,12.6,0.0,1.7,290,5.6,1000.2,21.77,4.4,15.1
2019-04-08,32.0,11.6,0.0,2.5,290,3.4,1004.7,23.74,3.3,15.4
2019-04-09,25.0,9.2,17.4,2.4,70,5.2,1005.6,5.64,9.4,10.3
2019-04-10,6.0,7.1,5.6,1.8,90,7.9,1002.4,6.98,8.3,8.6
2019-04-11,24.0,9.5,0.0,1.9,290,6.5,1004.8,20.94,4.6,10.3
2019-04-12,47.0,11.4,0.0,2.2,290,6.0,1007.7,23.73,1.8,14.3
2019-04-13,45.0,11.8,0.0,1.8,270,4.2,1009.2,22.96,5.6,14.7
2019-04-14,34.0,9.6,1.7,2.2,270,5.4,1004.8,8.35,6.0,9.5
2019-04-15,44.0,11.6,0.0,1.8,270,3.9,1008.3,24.07,0.0,13.4
2019-04-16,43.0,14.9,0.0,1.6,290,3.9,1006.8,23.58,4.8,15.9
2019-04-17,33.0,15.3,0.0,1.9,270,6.6,1002.4,24.94,3.9,18.0
2019-04-18,34.0,12.6,0.0,2.0,270,10.8,1001.8,5.88,6.3,12.5
2019-04-19,38.0,13.8,0.0,1.6,70,8.6,1005.9,15.84,4.8,17.1
2019-04-20,41.0,14.3,1.2,1.9,290,10.8,1004.7,14.63,7.1,17.5
2019-04-21,26.0,14.8,0.3,1.9,290,12.9,1003.4,13.42,7.9,18.1
2019-04-22,80.0,19.3,0.0,1.4,270,10.2,1004.7,23.42,2.3,21.6
2019-04-23,75.0,20.4,0.0,1.3,270,12.2,1002.2,13.14,8.4,20.3
2019-04-24,51.0,19.5,4.1,1.6,290,15.4,996.3,18.91,5.0,21.0
2019-04-25,34.0,13.2,11.3,2.0,70,11.2,996.9,3.48,9.4,14.0
2019-04-26,8.0,8.4,4.9,1.5,20,9.1,1003.1,3.51,8.0,10.2
2019-04-27,14.0,11.6,0.0,1.7,290,6.7,1010.9,23.24,4.8,14.1
2019-04-28,16.0,12.9,0.0,1.6,290,7.1,1010.2,12.09,8.1,13.9
2019-04-29,21.0,13.0,0.0,0.9,50,7.8,1004.0,9.81,5.8,12.3
2019-04-30,28.0,15.5,0.0,1.6,270,8.8,998.7,21.75,4.4,18.1
2019-05-01,49.0,16.4,0.0,2.3,270,9.0,996.4,24.41,1.9,20.2
2019-05-02,47.0,17.1,0.0,2.3,290,5.3,1001.6,27.27,0.0,21.3
2019-05-03,54.0,17.9,0.0,1.6,290,7.2,1006.4,25.59,0.0,21.9
2019-05-04,80.0,19.5,0.0,1.7,290,8.3,1007.8,22.12,4.9,22.3
2019-05-05,62.0,19.2,0.0,2.2,270,7.2,1005.8,25.14,5.1,23.9
2019-05-06,26.0,14.5,0.0,3.1,290,4.3,1006.4,28.25,0.3,22.8
2019-05-07,39.0,15.0,0.0,2.3,250,5.5,1005.7,27.02,0.0,22.1
2019-05-08,43.0,15.6,0.0,2.3,200,8.4,1002.1,23.39,6.1,21.3
2019-05-09,39.0,16.6,0.0,2.2,270,7.5,1000.8,25.46,3.1,23.9
2019-05-10,53.0,17.8,0.0,1.9,270,9.2,1003.1,25.19,3.5,24.4
2019-05-11,54.0,20.3,0.0,1.8,290,9.0,1003.7,25.19,2.0,26.4
2019-05-12,47.0,21.6,0.0,1.5,270,9.0,1004.8,21.82,4.3,26.8
2019-05-13,46.0,18.7,0.0,1.6,290,9.1,1004.4,8.51,8.3,19.2
2019-05-14,35.0,19.6,0.0,1.6,270,9.7,1003.0,25.35,1.6,25.8
2019-05-15,55.0,20.7,0.0,1.7,290,11.2,1002.9,21.24,4.5,26.8
2019-05-16,54.0,23.5,0.0,1.5,270,11.9,1001.9,25.19,2.5,29.9
2019-05-17,47.0,23.6,0.0,1.2,70,12.7,1002.2,14.72,7.5,26.1
2019-05-18,26.0,22.8,0.0,2.1,110,12.8,1001.8,16.28,8.5,28.2
2019-05-19,15.0,19.4,22.0,1.2,70,20.9,998.8,5.22,10.0,20.4
2019-05-20,30.0,16.4,8.7,3.4,270,11.8,994.9,24.95,4.5,18.6
2019-05-21,43.0,17.2,0.0,2.9,200,9.6,995.2,28.89,0.0,21.8
2019-05-22,45.0,19.5,0.0,2.4,230,9.6,995.3,27.5,1.4,25.1
2019-05-23,60.0,22.1,0.0,1.7,270,11.0,998.4,27.36,0.0,28.5
2019-05-24,70.0,24.2,0.0,1.7,290,13.6,1000.8,26.13,1.4,30.6
2019-05-25,69.0,23.4,0.0,1.6,200,12.3,1005.0,18.83,7.9,26.7
2019-05-26,33.0,24.5,0.0,1.8,270,11.3,1003.7,25.81,6.0,30.5
2019-05-27,20.0,17.8,7.1,2.4,140,16.5,994.5,2.33,8.6,18.2
2019-05-28,17.0,18.1,0.0,2.6,270,8.9,1000.7,28.01,2.1,21.8
2019-05-29,37.0,20.3,0.0,2.0,290,10.6,999.7,28.48,0.4,26.2
2019-05-30,36.0,19.6,0.0,2.4,200,10.7,1000.7,18.28,7.9,23.8
2019-05-31,16.0,19.1,0.0,2.8,290,10.7,1000.3,27.46,2.3,26.5
2019-06-01,26.0,18.9,0.0,1.9,270,12.9,1000.1,21.1,5.5,24.8
2019-06-02,28.0,21.1,0.0,1.7,290,9.6,997.6,26.48,0.6,27.8
2019-06-03,30.0,23.1,0.0,1.8,160,11.9,997.9,25.57,0.6,30.1
2019-06-04,23.0,22.6,0.0,2.2,290,14.9,999.3,26.21,3.0,29.9
2019-06-05,38.0,23.0,0.0,1.8,270,17.3,1001.8,24.14,5.4,31.4
2019-06-06,47.0,21.2,7.5,1.2,90,18.8,999.9,5.33,9.1,22.4
2019-06-07,11.0,20.0,35.3,1.9,50,17.6,993.5,13.41,7.4,21.0
2019-06-08,20.0,21.9,0.0,1.4,50,14.5,997.9,21.14,5.9,22.8
2019-06-09,29.0,21.6,2.5,1.8,290,16.8,995.5,16.87,8.9,23.7
2019-06-10,9.0,18.4,9.5,1.6,70,14.5,997.3,11.01,8.0,19.7
2019-06-11,9.0,20.5,0.0,1.4,50,12.1,998.8,21.58,3.5,21.9
2019-06-12,21.0,21.5,0.0,1.8,290,14.2,1000.3,25.26,1.1,24.4
2019-06-13,22.0,23.0,0.0,1.7,290,13.9,999.7,27.4,3.1,27.2
2019-06-14,26.0,23.0,0.0,1.8,290,14.8,995.3,19.46,6.1,27.0
2019-06-15,26.0,21.9,2.1,2.4,290,15.7,990.5,25.94,3.1,26.0
2019-06-16,11.0,22.0,0.0,1.6,50,14.1,996.7,22.45,3.9,24.7
2019-06-17,20.0,21.7,0.0,2.3,290,15.0,1001.8,25.36,4.5,28.2
2019-06-18,26.0,20.8,13.8,1.5,250,19.0,1000.3,11.26,9.5,22.5
2019-06-19,25.0,21.4,0.2,1.9,270,19.6,997.8,11.24,9.4,23.0
2019-06-20,21.0,22.7,0.0,1.9,270,19.0,997.1,20.91,8.0,25.9
2019-06-21,21.0,22.1,0.2,1.7,290,19.2,996.1,12.51,7.3,25.2
2019-06-22,10.0,24.2,0.0,1.5,70,12.1,996.5,27.01,2.1,28.8
2019-06-23,10.0,25.0,0.0,1.8,50,12.5,998.2,26.05,3.0,30.7
2019-06-24,19.0,25.2,0.0,2.0,270,14.6,1001.9,27.57,1.6,32.4
2019-06-25,26.0,25.6,0.0,1.6,290,15.3,1004.2,27.13,1.3,32.6
2019-06-26,30.0,25.5,0.0,1.3,50,17.0,998.4,12.11,9.5,29.3
2019-06-27,18.0,25.5,1.4,1.4,50,22.4,990.9,14.79,8.3,29.5
2019-06-28,37.0,24.7,0.0,1.7,290,20.9,991.9,10.92,8.5,29.6
2019-06-29,22.0,23.1,1.5,1.2,50,20.0,988.3,12.49,8.1,24.4
2019-06-30,31.0,23.9,0.0,2.3,200,21.5,990.7,16.32,6.9,28.3
2019-07-01,29.0,23.9,0.0,2.3,270,18.5,995.4,20.33,4.9,29.6
2019-07-02,26.0,24.4,0.0,2.3,270,18.7,998.8,21.13,4.0,30.0
2019-07-03,30.0,24.1,0.0,1.7,290,19.0,998.1,12.62,6.4,26.9
2019-07-04,28.0,25.4,0.0,1.9,290,17.9,996.5,27.41,2.4,32.8
2019-07-05,29.0,27.6,0.0,1.5,20,15.0,993.2,24.78,3.8,32.0
2019-07-06,29.0,29.7,0.0,1.7,90,16.2,994.1,25.87,3.4,37.1
2019-07-07,16.0,26.7,0.0,2.2,90,14.7,997.5,22.4,7.5,33.8
2019-07-08,10.0,25.1,0.0,2.0,70,14.6,997.9,20.54,6.0,32.9
2019-07-09,10.0,25.0,0.0,1.8,90,14.3,996.7,18.2,4.9,29.8
2019-07-10,9.0,22.7,8.5,2.0,70,17.1,997.3,13.4,8.4,26.8
2019-07-11,5.0,21.9,2.9,1.3,50,19.9,995.2,8.59,9.9,23.2
2019-07-12,12.0,23.6,0.0,2.0,290,18.7,996.3,18.43,6.8,26.1
2019-07-13,29.0,24.9,0.0,1.7,290,20.7,992.0,15.0,6.4,28.3
2019-07-14,40.0,25.9,0.0,1.6,290,20.8,992.6,20.36,4.5,29.4
2019-07-15,38.0,23.8,7.7,1.1,50,23.3,997.2,7.32,7.5,24.6
2019-07-16,31.0,24.7,6.3,1.3,50,24.1,1000.7,13.41,7.3,25.7
2019-07-17,66.0,25.6,0.7,1.2,270,23.9,1001.2,11.19,9.0,26.4
2019-07-18,70.0,26.9,0.0,1.2,290,22.6,998.7,12.78,6.4,26.5
2019-07-19,37.0,28.6,0.0,1.5,90,23.2,996.4,21.8,4.6,30.9
2019-07-20,9.0,28.0,1.1,2.1,90,25.0,990.8,10.92,9.5,28.4
2019-07-21,16.0,25.1,6.2,2.2,230,27.7,991.8,6.18,9.4,26.6
2019-07-22,46.0,26.7,0.1,2.2,200,25.7,996.3,13.12,7.5,26.9
2019-07-23,26.0,28.1,0.0,1.7,230,26.4,995.3,13.34,8.6,29.3
2019-07-24,28.0,26.5,1.0,1.6,200,28.2,994.5,3.17,9.6,26.5
2019-07-25,31.0,26.3,9.7,1.2,200,30.8,994.6,3.47,9.9,26.6
2019-07-26,22.0,25.1,60.0,1.7,200,30.2,993.9,2.35,9.9,25.4
2019-07-27,20.0,28.4,0.6,1.3,140,29.0,995.7,15.31,7.6,29.6
2019-07-28,16.0,26.1,25.6,2.2,200,29.7,998.2,2.87,9.8,26.4
2019-07-29,16.0,27.5,0.5,2.6,200,27.2,999.2,9.43,8.0,27.5
2019-07-30,22.0,28.1,1.2,3.4,200,28.5,997.1,8.26,8.8,27.2
2019-07-31,20.0,25.8,62.3,2.2,200,30.1,999.3,3.01,9.8,25.7
2019-08-01,15.0,26.3,26.9,1.7,270,29.3,1002.0,13.55,7.8,26.7
2019-08-02,19.0,28.4,0.0,1.2,270,28.3,1001.8,15.74,3.5,28.8
2019-08-03,21.0,29.4,3.0,1.3,50,27.6,1001.0,21.04,3.6,30.5
2019-08-04,29.0,28.3,8.6,1.2,50,28.6,1000.9,17.53,5.8,29.6
2019-08-05,40.0,30.5,0.0,1.1,340,27.6,999.7,20.66,2.5,30.5
2019-08-06,26.0,31.6,0.0,1.5,70,23.2,996.9,22.91,6.8,31.7
2019-08-07,20.0,26.9,8.0,1.2,290,27.4,995.6,6.91,8.0,27.5
2019-08-08,44.0,28.9,0.0,1.6,290,27.9,998.3,15.87,6.6,29.7
2019-08-09,27.0,29.8,0.0,1.3,290,28.4,997.7,19.37,4.9,30.3
2019-08-10,21.0,31.5,0.0,1.5,90,25.9,996.0,22.69,5.1,33.1
2019-08-11,16.0,30.4,6.7,2.5,90,22.6,992.2,21.52,6.8,33.2
2019-08-12,21.0,26.6,56.2,1.3,70,31.8,990.7,4.8,8.9,26.8
2019-08-13,27.0,29.2,6.4,1.5,270,30.4,992.7,16.91,7.4,30.7
2019-08-14,18.0,30.4,0.0,1.5,70,26.8,990.2,20.99,4.0,30.5
2019-08-15,8.0,25.9,16.2,1.3,50,27.1,983.8,5.51,9.1,27.0
2019-08-16,18.0,25.9,0.1,2.2,270,24.6,985.6,14.1,6.3,27.3
2019-08-17,29.0,25.9,0.0,2.5,270,23.0,991.5,13.25,5.0,26.9
2019-08-18,20.0,25.6,0.0,1.7,270,21.2,996.9,18.61,4.5,28.1
2019-08-19,23.0,26.3,0.0,1.1,50,20.0,999.7,18.16,4.6,27.2
2019-08-20,28.0,28.2,0.0,1.5,70,21.1,999.9,21.06,2.6,30.2
2019-08-21,33.0,27.0,1.3,1.2,50,23.7,998.5,11.43,7.6,29.2
2019-08-22,38.0,26.9,0.0,1.7,270,22.7,996.5,23.16,6.3,31.5
2019-08-23,29.0,26.2,0.0,2.1,270,19.3,998.4,23.84,4.4,31.7
2019-08-24,22.0,24.1,0.0,1.5,270,18.2,1000.6,8.25,5.5,26.7
2019-08-25,18.0,25.0,0.0,1.5,50,20.5,1002.8,17.85,3.4,30.9
2019-08-26,26.0,26.4,0.0,1.2,50,21.2,1002.0,18.4,6.4,31.5
2019-08-27,26.0,25.7,20.0,1.0,290,22.9,997.7,13.22,8.1,26.4
2019-08-28,26.0,26.1,0.0,1.9,270,21.9,996.6,13.930274977085253,5.9,27.7
2019-08-29,27.0,23.4,36.9,2.2,160,22.0,995.9,13.930274977085253,5.6,25.9
2019-08-30,19.0,22.6,0.2,2.4,200,17.8,998.8,17.84,5.3,24.1
2019-08-31,18.0,23.5,0.0,1.9,230,18.3,1003.4,21.07,2.3,25.0
2019-09-01,18.0,23.7,0.0,1.4,340,18.1,1006.8,15.17,6.1,23.8
2019-09-02,25.0,24.4,0.0,1.6,320,16.7,1006.5,16.85,6.1,24.8
2019-09-03,20.0,24.1,0.0,2.3,360,20.0,1005.3,11.6,8.5,26.3
2019-09-04,8.0,22.8,22.7,2.5,360,24.6,1003.1,5.68,9.3,23.5
2019-09-05,10.0,23.0,36.4,2.0,360,25.4,1001.9,6.07,9.0,23.7
2019-09-06,15.0,25.3,2.4,2.1,360,25.6,999.2,9.29,10.0,25.5
2019-09-07,12.0,25.7,2.8,6.0,360,23.7,987.7,2.95,10.0,24.1
2019-09-08,34.0,24.7,0.0,1.9,160,23.6,998.3,9.31,9.3,25.1
2019-09-09,35.0,25.1,0.0,1.7,340,23.4,1000.6,10.04,9.3,25.2
2019-09-10,14.0,23.8,63.2,2.4,360,27.3,1001.7,5.74,9.8,24.4
2019-09-11,7.0,24.3,7.6,3.1,360,21.3,1004.6,16.56,7.9,24.9
2019-09-12,15.0,21.0,3.9,2.6,360,17.7,1006.6,4.09,9.8,21.9
2019-09-13,20.0,23.3,0.1,1.7,360,16.7,1003.6,21.35,4.3,24.4
2019-09-14,19.0,22.4,0.3,1.2,320,21.5,1001.6,3.34,8.8,22.9
2019-09-15,14.0,24.2,0.0,1.7,340,20.8,1000.8,18.19,5.5,25.2
2019-09-16,14.0,24.5,0.0,2.1,360,15.6,1001.0,19.91,3.6,27.4
2019-09-17,17.0,23.5,0.0,2.1,360,11.7,1004.7,20.01,6.4,25.4
2019-09-18,26.0,21.0,0.0,3.1,230,11.3,1006.7,21.9,1.1,25.4
2019-09-19,24.0,19.5,0.0,1.9,270,10.5,1008.2,19.83,3.5,23.3
2019-09-20,22.0,19.6,0.0,2.1,360,12.0,1007.5,8.64,9.4,21.5
2019-09-21,14.0,19.6,0.0,2.0,360,13.7,1009.1,4.44,9.6,20.8
2019-09-22,8.0,18.6,0.4,3.8,360,13.5,1003.2,3.2,9.4,18.5
2019-09-23,12.0,20.0,0.0,2.2,290,11.7,1004.4,16.92,3.1,20.2
2019-09-24,20.0,19.8,0.0,1.8,230,13.5,1008.6,20.17,0.0,23.0
2019-09-25,27.0,20.9,0.0,1.4,340,15.5,1011.7,16.44,5.9,23.4
2019-09-26,27.0,22.9,0.0,1.9,340,15.8,1013.6,15.5,8.4,25.1
2019-09-27,22.0,22.9,0.0,1.9,360,15.6,1012.1,10.42,8.6,24.4
2019-09-28,27.0,23.7,0.0,1.7,230,16.8,1008.1,15.97,3.8,25.8
2019-09-29,35.0,22.6,0.0,1.7,230,15.8,1006.7,18.83,0.3,24.7
2019-09-30,49.0,22.4,0.0,1.6,230,15.7,1006.8,18.37,0.0,24.3
2020-01-01,35.0,-2.2,0.1,0.6,50,3.4,1021.1,4.53,8.9,-0.9
2020-01-02,59.0,1.0,0.0,1.2,50,4.3,1018.7,3.47,7.9,0.1
2020-01-03,65.0,-0.1,0.0,1.7,290,3.3,1016.4,10.1,0.0,-0.4
2020-01-04,53.0,1.2,0.0,1.9,50,3.3,1015.4,9.29,2.1,0.0
2020-01-05,52.0,1.3,0.0,1.1,50,3.0,1019.7,9.1,3.9,-0.5
2020-01-06,38.0,3.1,1.8,3.1,70,5.0,1015.3,2.03,9.8,1.0
2020-01-07,9.0,6.3,46.3,4.0,70,9.1,999.3,0.75,10.0,5.1
2020-01-08,25.0,2.4,11.6,3.3,270,6.3,1003.6,1.84,9.6,4.0
2020-01-09,50.0,-1.2,0.0,2.3,290,3.7,1013.4,9.14,1.6,1.3
2020-01-10,65.0,-0.6,0.0,1.5,290,3.6,1013.0,9.39,3.1,0.2
2020-01-11,50.0,-0.1,0.0,1.9,290,3.6,1009.4,10.13,3.6,0.1
2020-01-12,46.0,-1.0,0.0,2.4,290,3.5,1007.5,10.33,3.6,0.4
2020-01-13,25.0,-2.9,0.0,2.3,290,2.5,1012.4,11.15,1.4,-1.3
2020-01-14,30.0,-2.3,0.0,1.6,290,2.3,1015.0,10.06,1.0,-1.6
2020-01-15,36.0,-2.7,0.0,1.9,270,2.2,1017.6,11.6,0.1,-2.0
2020-01-16,40.0,-1.7,0.0,1.6,320,2.3,1016.3,10.75,5.0,-1.6
2020-01-17,56.0,-0.6,0.0,1.5,290,2.5,1012.6,9.85,4.8,-0.8
2020-01-18,60.0,0.3,0.0,1.8,270,2.9,1010.9,11.38,2.1,-0.6
2020-01-19,62.0,1.9,0.6,2.2,270,4.4,1008.0,6.08,4.8,0.5
2020-01-20,52.0,0.7,0.0,2.5,270,3.0,1012.2,10.24,2.3,-0.1
2020-01-21,42.0,-0.4,0.0,1.4,320,2.1,1018.8,11.55,2.9,-0.8
2020-01-22,42.0,3.0,0.0,1.7,50,2.7,1014.6,6.8,7.8,1.3
2020-01-23,59.0,4.6,0.0,2.0,290,4.1,1013.5,10.73,3.4,2.2
2020-01-24,71.0,2.8,0.0,1.7,290,4.6,1019.5,10.53,3.0,1.9
2020-01-25,46.0,4.3,0.0,1.5,290,5.2,1018.7,7.86,7.4,2.4
2020-01-26,24.0,5.5,0.0,2.7,70,4.8,1016.5,11.21,5.8,3.5
2020-01-27,10.0,5.9,0.1,4.6,70,4.5,1010.4,2.76,9.5,3.6
2020-01-28,12.0,6.8,0.0,2.6,50,4.8,1007.7,3.98,7.3,4.6
2020-01-29,15.0,6.0,0.0,2.1,70,4.3,1005.3,7.3,6.6,3.7
2020-01-30,15.0,5.2,0.0,1.8,70,4.1,1004.4,9.24,4.0,3.0
2020-01-31,26.0,3.9,0.0,2.3,270,4.8,1009.0,9.41,4.8,2.8
2020-10-01,19.0,18.8,0.0,2.1,50,16.1,1003.4,10.89,5.5,19.6
2020-10-02,27.0,19.2,0.0,2.3,180,17.7,1004.6,6.34,9.1,18.5
2020-10-03,40.0,19.9,0.0,1.6,270,16.7,1004.9,9.79,8.0,19.8
2020-10-04,29.0,16.6,0.0,2.8,270,12.4,1002.7,12.36,7.1,17.8
2020-10-05,26.0,13.3,0.0,2.5,270,8.6,1007.9,19.44,2.3,14.5
2020-10-06,25.0,14.2,0.0,2.0,290,8.7,1012.2,19.81,2.5,14.6
2020-10-07,25.0,16.0,0.0,1.9,50,8.5,1015.8,16.99,3.8,14.9
2020-10-08,19.0,17.2,0.0,3.1,50,10.1,1016.7,19.27,0.1,15.9
2020-10-09,19.0,17.2,0.0,3.0,70,10.4,1013.2,18.55,4.6,16.6
2020-10-10,21.0,16.9,0.0,2.0,70,11.3,1009.7,15.28,5.3,16.6
2020-10-11,26.0,16.9,0.0,1.8,50,13.0,1006.1,11.45,5.8,16.1
2020-10-12,40.0,16.2,0.0,2.2,250,12.5,1005.2,13.59,2.6,16.8
2020-10-13,30.0,13.6,0.0,2.2,270,7.9,1010.7,14.16,3.5,14.2
2020-10-14,40.0,12.8,0.0,2.4,290,6.9,1014.6,12.19,6.6,14.3
2020-10-15,39.0,11.7,0.0,1.5,50,5.7,1015.8,14.48,6.6,13.1
2020-10-16,40.0,11.8,0.0,1.5,50,8.9,1013.7,5.28,7.6,12.5
2020-10-17,33.0,13.1,0.0,1.8,270,9.2,1013.0,17.65,1.0,13.1
2020-10-18,33.0,13.6,0.0,2.0,20,10.0,1013.6,15.96,0.5,12.9
2020-10-19,69.0,15.1,0.0,1.7,20,12.4,1014.7,15.27,0.0,14.3
2020-10-20,76.0,15.2,0.0,1.6,20,11.2,1015.4,15.67,0.4,14.5
2020-10-21,55.0,14.1,0.0,1.9,50,11.1,1008.6,4.72,7.3,13.7
2020-10-22,81.0,13.5,0.0,2.8,50,10.2,1003.5,11.01,4.6,15.2
2020-10-23,30.0,8.6,0.0,3.0,270,5.6,1004.9,17.01,0.0,10.7
2020-10-24,30.0,8.7,0.0,2.5,270,5.3,1008.7,16.65,0.0,9.4
2020-10-25,34.0,11.8,0.0,1.7,20,8.3,1009.9,13.83,2.8,10.9
2020-10-26,61.0,12.9,0.0,1.6,20,10.3,1009.8,13.69,1.6,11.9
2020-10-27,91.0,14.0,0.0,1.8,270,11.6,1010.9,12.23,1.1,13.2
2020-10-28,52.0,13.8,0.0,2.5,270,8.2,1012.6,15.27,3.8,13.8
2020-10-29,41.0,10.8,0.0,2.0,270,5.1,1013.7,13.77,3.1,11.5
2020-10-30,51.0,11.9,0.0,1.5,50,5.8,1015.2,14.62,0.4,11.2
2020-10-31,33.0,13.6,0.0,2.6,200,9.3,1013.9,11.03,6.1,12.9
2020-11-01,54.0,13.7,13.6,2.3,200,13.2,1009.2,1.61,8.6,13.1
2020-11-02,51.0,10.8,1.7,2.3,270,7.1,1010.1,14.6,3.0,10.0
2020-11-03,24.0,5.1,0.5,3.5,270,4.1,1011.9,15.22,1.5,6.1
2020-11-04,34.0,4.9,0.0,2.3,270,3.7,1015.2,15.36,0.0,5.2
2020-11-05,44.0,9.6,0.0,1.8,50,7.3,1016.7,12.77,5.3,10.5
2020-11-06,54.0,13.5,0.0,1.7,50,9.8,1010.9,5.65,8.9,12.5
2020-11-07,100.0,14.6,0.1,2.7,230,11.2,1007.6,11.01,3.6,14.6
2020-11-08,65.0,8.5,0.0,3.1,270,5.0,1012.3,14.66,0.0,9.9
2020-11-09,30.0,5.5,0.0,1.8,270,3.7,1015.2,10.48,2.4,5.6
2020-11-10,28.0,7.7,0.0,2.2,270,5.8,1017.9,13.61,0.0,7.9
2020-11-11,47.0,9.3,0.0,1.6,50,6.1,1021.3,12.96,0.0,8.7
2020-11-12,75.0,10.4,0.0,1.7,20,6.9,1019.9,12.27,2.0,9.2
2020-11-13,87.0,12.2,0.0,1.6,20,10.0,1018.2,8.92,3.0,12.1
2020-11-14,82.0,12.5,0.0,1.7,50,9.2,1018.9,11.58,1.3,10.9
2020-11-15,85.0,11.1,0.0,1.7,20,9.8,1017.1,9.52,3.4,10.2
2020-11-16,81.0,12.4,0.0,1.6,50,9.8,1015.9,10.76,2.1,10.9
2020-11-17,74.0,15.9,0.1,2.3,70,12.2,1013.2,5.7,7.4,13.0
2020-11-18,56.0,16.6,12.2,2.6,50,17.2,1005.5,2.63,9.8,15.3
2020-11-19,20.0,13.6,86.9,4.2,270,14.9,998.0,0.96,9.8,14.6
2020-11-20,25.0,2.8,0.0,3.2,290,5.6,1009.3,2.74,6.6,6.2
2020-11-21,32.0,6.5,0.2,2.1,50,6.6,1013.1,10.52,6.1,6.5
2020-11-22,31.0,5.6,4.8,2.5,270,7.4,1012.4,3.61,7.8,7.3
2020-11-23,29.0,1.7,0.0,2.3,290,4.2,1017.8,12.35,0.3,2.9
2020-11-24,31.0,2.9,0.0,1.8,20,4.1,1018.0,6.33,6.1,3.5
2020-11-25,41.0,4.6,0.0,1.5,270,5.4,1017.0,8.32,5.4,3.5
2020-11-26,69.0,5.6,0.0,1.7,270,5.9,1016.5,9.8,5.5,4.4
2020-11-27,50.0,4.1,0.0,2.7,270,5.0,1015.4,8.52,4.9,4.9
2020-11-28,25.0,-0.1,0.0,2.8,290,3.0,1018.3,11.89,2.9,1.2
2020-11-29,29.0,-0.6,0.0,2.2,270,3.5,1019.3,5.61,4.1,0.7
2020-11-30,31.0,-0.2,0.0,1.9,270,3.4,1024.1,11.55,0.0,0.4
2020-12-01,37.0,1.1,0.0,1.9,290,2.8,1024.7,10.69,4.4,0.3
2020-12-02,38.0,2.4,0.0,1.8,270,3.0,1020.2,6.38,6.6,2.2
2020-12-03,29.0,0.7,0.0,2.7,290,3.0,1019.1,11.52,1.0,1.2
2020-12-04,35.0,-0.6,0.0,1.8,290,3.0,1019.6,11.62,0.9,-0.3
2020-12-05,43.0,2.1,0.0,1.7,20,4.5,1019.1,8.18,5.6,0.5
2020-12-06,53.0,4.5,0.0,1.8,50,5.6,1017.4,8.37,4.3,2.1
2020-12-07,64.0,3.4,0.0,2.6,270,4.5,1017.6,8.93,3.8,3.1
2020-12-08,27.0,-0.5,0.0,2.0,320,2.9,1018.2,11.4,0.4,0.1
2020-12-09,46.0,1.5,0.0,1.5,50,3.8,1015.9,8.48,4.5,-0.3
2020-12-10,77.0,5.8,0.0,1.7,50,6.5,1011.8,4.74,7.8,3.9
2020-12-11,119.0,5.3,0.0,1.8,270,6.8,1009.1,5.85,6.5,3.3
2020-12-12,62.0,2.3,0.0,2.1,270,3.6,1009.0,10.22,1.8,1.8
2020-12-13,41.0,-1.1,2.9,2.9,270,4.4,1008.4,1.9,5.4,0.5
2020-12-14,29.0,-7.7,0.0,3.4,290,1.7,1018.3,11.44,0.0,-1.9
2020-12-15,28.0,-8.3,0.0,2.8,290,1.4,1020.5,11.61,0.0,-3.7
2020-12-16,28.0,-8.3,0.0,2.6,290,1.4,1020.6,11.44,0.0,-4.3
2020-12-17,32.0,-4.9,0.0,1.7,20,2.0,1019.6,11.15,2.3,-3.7
2020-12-18,37.0,-2.1,0.2,3.0,50,3.0,1017.7,8.45,4.1,-1.3
2020-12-19,29.0,-5.1,0.0,2.4,270,1.9,1022.4,11.27,1.4,-3.5
2020-12-20,29.0,-3.7,0.0,2.0,270,2.3,1021.6,11.0,0.0,-3.3
2020-12-21,43.0,-1.0,0.0,1.6,20,3.6,1018.4,9.99,0.9,-2.4
2020-12-22,58.0,2.0,0.0,2.0,20,4.7,1015.3,7.83,4.8,-0.4
2020-12-23,76.0,4.5,0.0,2.3,50,6.5,1011.3,4.6,7.8,0.4
2020-12-24,69.0,2.6,0.0,2.9,270,4.6,1007.8,9.82,1.3,0.7
2020-12-25,31.0,-0.8,0.0,2.1,250,3.0,1012.8,10.88,0.1,-1.4
2020-12-26,62.0,2.2,0.0,1.8,20,4.7,1013.5,8.99,3.0,-0.6
2020-12-27,75.0,5.8,0.0,1.8,70,5.8,1011.0,8.12,7.5,1.4
2020-12-28,73.0,6.7,1.3,1.4,50,6.9,1012.6,9.12,5.3,2.7
2020-12-29,75.0,0.1,0.2,2.9,270,4.6,1011.0,1.98,8.5,-0.1
2020-12-30,37.0,-10.9,0.0,4.1,270,1.5,1012.5,11.36,0.8,-4.4
2020-12-31,29.0,-8.9,0.0,2.4,270,1.7,1015.4,9.06,0.4,-5.0
2020-02-01,66.0,2.6,0.0,1.7,290,4.9,1013.4,7.17,3.4,2.3
2020-02-02,68.0,1.5,0.0,1.8,290,3.4,1014.7,8.39,6.1,1.9
2020-02-03,23.0,-0.4,0.0,3.1,270,2.6,1016.3,13.56,1.5,2.3
2020-02-04,23.0,-1.6,1.7,2.8,320,2.9,1015.8,10.01,3.9,0.3
2020-02-05,22.0,-8.3,0.0,3.3,320,1.2,1021.0,14.82,0.0,-2.5
2020-02-06,38.0,-6.4,0.0,1.9,290,1.4,1023.0,13.97,0.9,-2.7
2020-02-07,34.0,-1.7,0.0,2.0,290,2.5,1018.5,10.14,8.9,-0.4
2020-02-08,39.0,-0.1,0.0,3.0,320,2.9,1016.7,13.89,2.5,1.4
2020-02-09,34.0,-0.5,0.0,2.0,270,3.0,1014.6,14.33,2.8,0.5
2020-02-10,43.0,4.0,0.0,1.7,290,3.8,1013.4,14.22,1.1,3.4
2020-02-11,53.0,6.8,0.0,1.6,50,3.4,1016.3,10.91,2.3,0.6
2020-02-12,49.0,7.4,6.7,2.2,70,7.6,1006.4,2.86,9.9,5.8
2020-02-13,75.0,6.5,0.0,1.7,290,8.2,1008.8,6.43,9.1,6.6
2020-02-14,81.0,8.1,0.0,1.2,290,7.3,1010.4,13.13,2.1,6.9
2020-02-15,63.0,9.8,2.0,2.7,70,7.4,1007.3,8.77,5.8,6.6
2020-02-16,25.0,-1.4,13.4,4.0,270,4.6,1002.6,4.14,8.9,2.2
2020-02-17,38.0,-5.9,1.0,3.4,320,2.6,1007.4,7.08,6.5,0.3
2020-02-18,22.0,-4.1,0.0,2.3,290,2.0,1016.7,16.78,0.0,-0.1
2020-02-19,32.0,1.0,0.0,1.5,50,3.7,1019.3,12.13,6.0,1.8
2020-02-20,59.0,4.6,0.0,1.7,50,5.1,1022.6,13.71,2.5,4.0
2020-02-21,65.0,6.7,4.2,2.2,200,6.5,1018.5,6.5,9.3,4.4
2020-02-22,68.0,4.0,3.1,4.0,270,5.1,1014.2,9.06,5.9,4.2
2020-02-23,21.0,2.5,0.0,2.0,270,3.4,1018.2,17.37,0.9,3.6
2020-02-24,33.0,7.0,0.0,1.6,50,5.2,1013.6,13.21,7.0,6.1
2020-02-25,21.0,6.7,16.6,4.2,70,7.2,1007.4,4.11,7.5,6.0
2020-02-26,16.0,6.4,0.0,2.1,50,5.6,1012.7,10.45,5.3,5.4
2020-02-27,11.0,6.1,0.0,2.0,70,4.9,1017.0,16.77,2.6,6.0
2020-02-28,24.0,4.5,3.9,1.4,50,6.7,1011.9,2.41,9.8,4.7
2020-02-29,20.0,7.7,0.5,1.7,50,6.9,1007.7,17.12,3.0,8.4
2020-03-01,43.0,5.8,0.2,2.0,270,6.6,1007.9,5.4,8.1,5.5
2020-03-02,36.0,3.4,0.0,2.7,290,4.2,1013.1,17.08,1.6,5.0
2020-03-03,43.0,4.8,0.0,2.6,70,4.9,1013.3,10.62,6.5,3.7
2020-03-04,44.0,2.2,0.0,3.7,270,3.9,1011.4,10.41,5.1,4.0
2020-03-05,34.0,1.4,0.0,2.5,270,3.1,1014.5,19.25,0.0,3.8
2020-03-06,38.0,3.7,0.0,1.6,50,3.5,1011.7,16.82,2.5,4.5
2020-03-07,52.0,7.0,0.0,2.0,70,3.8,1007.5,13.0,5.4,7.0
2020-03-08,53.0,9.3,0.0,1.6,290,4.7,1008.0,18.27,0.3,8.6
2020-03-09,53.0,11.1,0.0,1.8,320,4.7,1003.6,14.19,6.5,9.7
2020-03-10,38.0,6.4,11.8,2.8,290,7.6,997.6,2.72,7.5,6.5
2020-03-11,29.0,3.8,0.0,3.3,270,3.3,1007.7,20.72,0.0,4.8
2020-03-12,31.0,6.8,0.0,2.5,250,4.6,1010.9,14.32,4.0,5.5
2020-03-13,28.0,4.9,0.5,3.3,320,3.6,1011.3,17.82,6.6,7.7
2020-03-14,37.0,3.6,0.0,3.0,250,3.9,1005.0,18.6,2.1,5.6
2020-03-15,36.0,4.0,0.0,3.6,320,3.8,1001.4,17.29,3.1,6.2
2020-03-16,21.0,3.6,0.0,2.8,250,3.2,1011.4,21.18,1.0,6.1
2020-03-17,46.0,6.6,0.0,2.1,230,6.4,1005.0,6.89,4.8,7.5
2020-03-18,57.0,10.0,0.0,1.8,250,4.9,1002.6,20.66,0.0,9.8
2020-03-19,51.0,9.1,0.0,4.8,270,5.8,995.6,15.51,3.4,9.9
2020-03-20,33.0,8.8,0.0,3.1,200,4.2,1003.3,20.58,0.4,9.9
2020-03-21,49.0,12.8,0.0,2.0,180,8.4,1001.3,14.83,6.9,13.9
2020-03-22,37.0,11.0,0.0,3.0,290,4.5,1004.0,22.54,0.1,13.6
2020-03-23,45.0,10.6,0.0,1.9,270,4.8,1006.7,20.72,0.0,12.6
2020-03-24,52.0,11.4,0.0,1.8,270,4.4,1009.8,21.06,0.0,13.2
2020-03-25,44.0,12.5,0.0,1.9,290,4.7,1009.7,19.29,4.0,13.9
2020-03-26,48.0,14.8,1.8,1.9,70,8.9,1004.9,11.97,6.9,13.5
2020-03-27,41.0,11.9,2.0,3.3,290,8.1,1003.2,17.04,5.1,14.4
2020-03-28,29.0,7.7,0.0,3.2,360,1.8,1010.8,19.87,5.1,10.8
2020-03-29,37.0,8.7,0.0,2.0,290,3.4,1010.9,23.12,1.5,11.8
2020-03-30,47.0,10.2,0.0,1.8,270,4.4,1010.1,22.73,0.9,13.3
2020-03-31,45.0,11.9,0.0,2.0,270,4.5,1007.0,20.68,5.5,14.5
2020-04-01,59.0,11.3,0.0,3.7,290,4.5,1004.5,19.12,3.5,15.0
2020-04-02,36.0,9.3,0.0,2.3,250,4.4,1011.6,21.25,2.6,13.1
2020-04-03,53.0,10.0,0.0,2.7,270,6.3,1010.5,22.56,1.3,14.2
2020-04-04,60.0,8.9,0.0,3.4,290,3.9,1008.6,23.33,0.8,13.8
2020-04-05,40.0,7.2,0.0,2.8,270,3.0,1011.8,24.58,0.0,12.4
2020-04-06,49.0,9.3,0.0,2.4,290,4.3,1010.0,22.51,3.5,13.8
2020-04-07,52.0,10.6,0.0,2.5,270,7.1,1005.3,19.3,2.1,14.8
2020-04-08,38.0,9.4,0.0,3.5,290,2.8,1007.8,24.86,0.0,14.3
2020-04-09,41.0,8.9,0.0,2.8,270,5.1,1011.5,24.79,1.3,14.0
2020-04-10,39.0,10.7,0.0,2.4,290,6.6,1014.0,21.07,4.8,17.0
2020-04-11,33.0,9.9,0.0,2.5,290,7.5,1009.1,19.4,4.8,15.6
2020-04-12,29.0,9.9,0.0,3.8,90,6.9,1004.4,19.25,3.1,13.2
2020-04-13,19.0,12.4,0.0,3.1,70,5.1,1003.9,26.02,1.9,18.0
2020-04-14,47.0,13.0,0.0,2.4,290,6.6,1006.3,25.93,1.3,18.7
2020-04-15,54.0,13.2,0.0,2.2,290,5.8,1004.6,21.49,5.4,17.5
2020-04-16,48.0,16.0,0.0,2.3,90,7.0,1006.1,22.96,2.9,20.1
2020-04-17,39.0,12.5,6.5,2.4,110,11.1,1002.2,4.23,9.1,12.1
2020-04-18,22.0,13.5,0.0,2.6,320,10.2,1005.9,23.09,2.6,18.1
2020-04-19,22.0,12.3,10.3,2.7,90,10.6,1004.1,5.25,9.5,12.5
2020-04-20,12.0,10.0,0.1,3.3,250,9.0,1000.6,7.34,7.4,10.2
2020-04-21,28.0,7.4,0.0,4.4,290,5.0,1003.8,23.63,3.6,12.2
2020-04-22,68.0,6.0,0.0,4.0,290,4.4,1005.9,15.89,4.1,9.8
2020-04-23,37.0,7.9,0.0,3.7,290,4.9,1005.6,25.72,1.6,12.7
2020-04-24,34.0,9.9,0.0,3.9,270,6.7,1003.1,26.61,1.8,14.5
2020-04-25,49.0,13.1,0.0,3.9,250,8.3,999.3,18.9,3.3,15.7
2020-04-26,25.0,12.3,0.0,3.2,290,5.8,1006.9,28.36,0.8,18.3
2020-04-27,28.0,12.9,0.0,2.8,320,7.1,1009.3,22.98,3.4,17.1
2020-04-28,32.0,13.9,0.0,3.0,250,7.6,1009.4,26.97,0.0,20.1
2020-04-29,40.0,14.9,0.0,2.6,290,7.7,1009.0,26.1,0.4,21.1
2020-04-30,34.0,17.1,0.0,2.7,250,11.5,1005.7,24.03,5.3,23.0
2020-05-01,49.0,20.2,0.0,2.7,270,17.2,1003.0,18.96,6.6,25.7
2020-05-02,44.0,20.3,0.0,2.3,290,18.9,1001.3,9.43,9.0,22.7
2020-05-03,25.0,21.8,0.0,2.0,90,17.4,996.0,19.41,7.0,26.7
2020-05-04,30.0,20.2,0.0,2.7,290,15.0,998.1,25.42,3.4,28.9
2020-05-05,29.0,16.0,0.0,1.9,290,12.3,1001.5,9.41,5.4,17.1
2020-05-06,28.0,19.4,0.0,2.1,70,10.3,1003.7,28.51,1.8,26.5
2020-05-07,23.0,20.7,0.0,2.5,90,7.7,1007.1,23.93,6.8,25.7
2020-05-08,23.0,19.9,2.3,2.4,160,6.9,1004.4,23.26,7.4,27.3
2020-05-09,14.0,14.2,24.4,3.6,90,15.3,994.8,3.0,10.0,15.1
2020-05-10,26.0,14.4,1.3,2.5,250,14.4,997.0,6.77,9.0,15.7
2020-05-11,92.0,16.5,3.4,3.0,250,10.8,997.7,22.98,8.1,20.2
2020-05-12,34.0,14.3,0.7,2.9,250,11.1,995.1,13.6,3.3,17.6
2020-05-13,26.0,16.1,0.0,2.8,270,8.0,1005.1,29.7,0.6,20.5
2020-05-14,35.0,19.3,0.0,2.0,90,7.5,1006.0,20.64,8.3,21.8
2020-05-15,31.0,16.1,12.0,3.0,90,14.5,998.8,3.43,10.0,15.9
2020-05-16,21.0,16.7,2.5,1.6,290,17.0,996.6,7.6,9.5,18.3
2020-05-17,37.0,19.1,0.0,1.7,320,17.5,995.3,15.26,7.1,21.2
2020-05-18,39.0,19.1,29.8,2.4,140,17.2,988.4,14.07,8.5,21.6
2020-05-19,13.0,13.0,19.0,3.2,50,10.9,990.7,15.29,7.6,16.1
2020-05-20,6.0,14.4,0.0,1.9,90,9.8,1001.7,20.91,6.0,17.3
2020-05-21,23.0,17.4,0.0,2.1,90,10.9,1004.4,24.35,4.8,20.5
2020-05-22,46.0,18.5,0.0,1.9,290,14.6,1002.7,13.07,8.6,20.0
2020-05-23,50.0,20.1,0.0,2.2,290,15.2,1001.1,23.24,7.4,23.3
2020-05-25,45.0,16.6,0.0,2.1,320,15.1,1002.3,16.88,8.1,20.3
2020-05-26,38.0,16.2,1.5,2.1,290,14.8,999.4,18.49,7.8,19.2
2020-05-27,19.0,17.4,0.0,2.6,320,13.1,999.3,30.06,1.5,21.4
2020-05-28,27.0,18.7,0.0,1.9,320,13.0,999.6,22.83,3.9,20.5
2020-05-29,31.0,20.7,0.0,2.0,290,15.5,1004.9,28.09,1.3,24.3
2020-05-30,33.0,22.6,0.0,1.9,290,15.0,1006.1,26.5,1.1,27.6
2020-05-31,37.0,21.2,1.0,2.3,320,15.4,1001.4,19.15,8.5,25.7
2020-05-24,48.67,17.1,14.5,2.9,230,16.4,999.6,10.59,8.4,19.0
2020-06-01,18.0,19.7,0.4,3.4,290,14.2,999.7,30.35,3.8,26.6
2020-06-02,22.0,17.9,2.0,2.2,290,14.4,997.4,5.89,9.3,18.3
2020-06-03,43.0,22.0,0.0,2.4,290,18.8,993.9,24.64,5.8,27.1
2020-06-04,45.0,21.9,0.2,2.7,250,21.0,994.1,19.77,8.4,26.8
2020-06-05,39.0,23.0,0.0,1.8,290,18.8,997.2,23.36,5.5,29.8
2020-06-06,50.0,24.6,0.0,2.0,290,19.1,998.1,23.38,2.3,31.4
2020-06-07,42.0,22.7,0.0,2.3,290,18.8,1001.9,26.04,3.3,30.2
2020-06-08,38.0,25.0,0.0,2.1,290,19.4,1004.6,26.13,3.0,32.7
2020-06-09,43.0,26.7,0.0,2.3,320,17.5,1004.3,28.36,3.0,34.1
2020-06-10,40.0,25.8,6.2,2.0,290,20.5,998.9,18.85,9.0,32.8
2020-06-11,25.0,26.1,0.0,2.2,290,22.2,993.7,26.03,5.8,30.1
2020-06-12,41.0,24.7,0.0,1.7,290,21.1,995.1,11.51,8.1,25.8
2020-06-13,47.0,26.9,0.0,1.9,290,17.9,994.3,28.11,5.5,34.6
2020-06-14,35.0,24.0,1.1,2.9,270,20.6,994.3,22.52,4.4,29.6
2020-06-15,23.0,23.0,0.0,2.8,270,16.7,996.4,26.53,6.0,31.1
2020-06-16,52.0,24.4,0.0,2.2,290,18.7,995.7,24.74,6.0,32.2
2020-06-17,46.0,24.3,0.0,2.0,290,17.4,995.3,21.25,7.4,31.1
2020-06-18,31.0,23.4,0.0,1.6,320,17.5,993.1,11.0,9.0,26.7
2020-06-19,21.0,24.7,0.1,2.1,70,18.8,996.4,19.6,6.3,29.6
2020-06-20,35.0,24.9,0.0,2.1,290,19.3,1000.0,24.75,0.9,31.9
2020-06-21,30.0,26.1,0.0,2.0,320,19.3,998.0,27.82,0.1,34.1
2020-06-22,36.0,28.6,0.0,2.0,290,18.8,998.0,28.95,1.6,36.3
2020-06-23,37.0,27.3,0.0,1.9,270,19.2,998.3,16.97,7.5,32.1
2020-06-24,30.0,22.3,37.6,2.7,50,22.0,993.1,2.91,10.0,22.7
2020-06-25,13.0,21.6,13.3,2.2,180,23.3,991.8,6.11,10.0,23.0
2020-06-26,19.0,21.8,2.1,3.2,230,21.2,996.5,13.03,8.3,22.9
2020-06-27,22.0,24.1,0.0,2.0,250,20.8,995.5,22.18,6.1,25.2
2020-06-28,27.0,25.2,0.0,2.4,270,22.2,994.8,28.6,1.9,28.6
2020-06-29,36.0,23.8,11.9,2.4,50,22.4,991.8,8.4,8.6,23.9
2020-06-30,6.0,20.1,64.7,4.0,320,19.3,984.3,6.2,10.0,20.8
2020-07-01,20.0,21.1,0.0,1.9,270,19.7,995.0,9.47,7.6,21.3
2020-07-02,52.0,24.2,0.0,1.9,110,22.1,1000.9,19.15,6.6,24.5
2020-07-03,39.0,25.5,0.1,2.6,50,19.8,1000.5,27.47,6.8,28.6
2020-07-04,19.0,24.2,1.6,2.1,270,18.6,997.0,26.88,7.6,28.2
2020-07-05,27.0,23.8,0.0,1.9,250,19.9,994.5,20.85,5.3,26.7
2020-07-06,22.0,25.6,0.0,2.1,270,21.5,991.2,19.28,7.4,28.5
2020-07-07,13.0,24.1,0.0,2.5,270,22.5,994.3,15.15,6.3,28.3
2020-07-08,26.0,25.5,0.0,2.0,270,22.9,994.8,25.81,2.9,30.5
2020-07-09,42.0,27.5,0.0,1.7,110,22.9,994.0,23.1,4.8,31.9
2020-07-10,13.0,24.5,2.2,2.8,50,23.0,992.6,12.3,6.6,25.2
2020-07-11,6.0,25.8,0.0,2.6,50,20.5,997.5,21.82,7.3,29.7
2020-07-12,14.0,23.5,2.9,2.4,70,20.6,999.3,7.67,9.1,25.3
2020-07-13,9.0,18.7,47.6,4.0,70,20.3,993.0,4.58,10.0,20.1
2020-07-14,6.0,20.3,11.5,2.8,50,18.7,993.9,12.46,9.9,22.6
2020-07-15,11.0,23.4,0.0,2.0,50,17.7,995.5,26.6,5.1,26.4
2020-07-16,25.0,25.0,0.0,1.8,270,22.1,997.0,25.76,4.1,27.4
2020-07-17,33.0,26.0,0.0,1.9,250,23.8,998.3,22.28,4.5,28.3
2020-07-18,41.0,26.1,0.0,1.6,270,24.0,998.4,15.49,5.4,27.9
2020-07-19,19.0,24.0,29.1,2.7,50,24.2,994.9,4.92,9.9,22.9
2020-07-20,17.0,23.8,3.6,3.7,200,25.4,995.9,5.15,9.6,23.8
2020-07-21,29.0,25.0,0.0,1.6,270,23.9,1001.8,17.83,6.3,25.6
2020-07-22,23.0,23.7,11.5,1.6,50,26.0,999.9,4.5,9.8,24.0
2020-07-23,20.0,21.1,103.1,3.6,50,23.9,995.7,2.72,10.0,21.8
2020-07-24,9.0,22.5,2.9,4.6,50,20.2,989.3,10.46,9.3,21.2
2020-07-25,3.0,24.3,0.0,3.1,50,21.0,993.6,15.59,7.8,23.9
2020-07-26,10.0,25.4,0.0,2.0,50,22.3,997.4,18.14,7.4,25.6
2020-07-27,12.0,24.3,2.2,2.2,50,26.1,998.6,7.72,10.0,25.2
2020-07-28,12.0,24.4,0.4,2.0,50,25.7,1000.5,8.38,9.9,25.0
2020-07-29,11.0,23.7,50.1,2.0,50,28.0,1002.0,3.18,10.0,23.9
2020-07-30,19.0,25.3,0.1,2.1,230,27.4,1003.4,15.34,8.3,26.9
2020-07-31,20.0,26.2,1.5,2.0,250,27.7,1003.9,14.5,6.9,27.2
2020-08-01,14.0,25.3,39.1,1.7,230,29.2,1000.5,5.31,9.8,25.7
2020-08-02,12.0,24.9,31.4,2.3,180,30.3,997.8,2.55,10.0,25.2
2020-08-03,17.0,25.0,102.6,3.0,200,30.4,998.4,3.09,10.0,25.1
2020-08-04,42.0,27.0,3.9,3.5,200,31.6,1000.9,8.06,9.6,26.9
2020-08-05,38.0,26.5,18.5,1.9,50,31.8,1000.8,5.02,9.8,26.7
2020-08-06,16.0,24.1,75.7,3.3,200,27.7,995.4,6.74,8.0,24.8
2020-08-07,27.0,24.3,0.0,1.8,50,25.6,996.9,6.7,9.0,24.8
2020-08-08,15.0,24.2,19.1,2.3,70,27.0,993.2,6.96,9.1,24.9
2020-08-09,10.0,24.9,50.3,2.6,200,29.9,992.5,1.43,9.8,24.3
2020-08-10,14.0,26.5,44.6,2.0,200,31.7,993.8,7.77,9.9,26.4
2020-08-11,10.0,24.6,97.0,2.2,200,28.5,999.6,7.44,9.5,25.2
2020-08-12,22.0,27.2,0.0,1.9,50,30.1,1002.7,13.62,8.3,28.3
2020-08-13,26.0,28.0,0.0,2.5,200,31.0,999.3,7.96,8.5,27.4
2020-08-14,34.0,27.1,0.4,3.5,200,30.9,995.8,4.14,9.3,26.3
2020-08-15,43.0,26.1,69.0,1.9,200,32.3,998.7,3.25,9.3,25.9
2020-08-16,22.0,27.4,0.0,3.0,200,29.9,1001.0,14.3,8.3,27.9
2020-08-17,25.0,28.2,0.0,2.3,200,29.4,1003.7,18.44,4.4,29.0
2020-08-18,32.0,27.5,0.0,1.6,270,27.5,1003.2,19.81,2.8,29.1
2020-08-19,40.0,27.1,0.0,2.0,270,27.1,1001.7,22.54,2.3,28.6
2020-08-20,35.0,27.7,0.0,1.7,250,27.8,1002.4,15.16,6.4,27.6
2020-08-21,28.0,26.6,2.5,1.6,50,28.9,1003.9,8.74,8.8,27.6
2020-08-22,16.0,24.3,42.6,2.1,50,26.4,1002.5,7.56,9.0,25.2
2020-08-23,11.0,25.3,0.0,1.9,270,24.9,998.7,18.72,6.0,27.2
2020-08-24,21.0,27.8,0.0,2.2,50,26.5,995.2,20.25,5.9,28.6
2020-08-25,29.0,29.9,0.0,2.1,200,28.8,995.0,21.21,5.9,30.5
2020-08-26,21.0,30.2,0.6,3.4,70,28.8,992.2,19.68,6.4,29.3
2020-08-27,21.0,27.1,8.7,3.6,110,30.2,991.3,5.5,9.9,27.2
2020-08-28,23.0,27.3,13.6,1.6,270,32.2,997.3,10.18,8.9,28.1
2020-08-29,16.0,26.8,13.6,1.3,50,31.7,999.2,8.7,8.4,28.7
2020-08-30,12.0,26.8,42.5,2.1,200,31.0,1001.6,12.89,7.9,28.1
2020-08-31,9.0,26.4,0.0,2.8,50,26.6,1002.4,12.25,8.8,27.2
2020-09-01,16.0,26.6,0.0,1.9,110,25.0,999.4,11.35,8.8,27.0
2020-09-02,14.0,24.3,33.3,2.3,50,27.6,993.7,3.34,9.6,25.3
2020-09-03,17.0,22.7,29.8,4.8,200,22.4,987.3,13.51,7.4,24.0
2020-09-04,24.0,23.3,0.0,2.7,200,17.8,1002.2,21.21,1.6,23.7
2020-09-05,29.0,23.3,0.0,2.0,50,18.8,1003.5,14.49,8.0,23.4
2020-09-06,25.0,21.7,6.4,2.7,50,20.5,999.3,7.13,9.4,22.7
2020-09-07,5.0,19.2,61.0,4.2,50,20.8,983.1,3.37,10.0,20.1
2020-09-08,25.0,23.4,0.0,4.2,230,20.2,998.7,21.87,5.4,23.1
2020-09-09,26.0,21.1,1.3,2.1,180,20.7,999.9,12.29,7.6,22.2
2020-09-10,27.0,22.8,3.9,2.0,50,20.5,999.1,19.17,6.3,24.4
2020-09-11,24.0,22.4,1.2,2.8,50,19.3,1004.5,12.87,7.6,22.7
2020-09-12,10.0,20.2,5.7,2.0,50,19.7,1000.0312356236756,7.34,9.5,21.5
2020-09-13,8.0,21.5,0.0,1.9,50,17.8,1005.7,20.53,2.8,24.1
2020-09-14,20.0,21.3,0.0,1.8,270,19.9,1004.4,13.86,4.6,22.8
2020-09-15,33.0,23.0,0.0,1.6,50,21.0,1002.6,16.56,7.5,23.9
2020-09-16,23.0,22.5,0.3,1.9,180,21.7,999.6,6.21,9.4,22.2
2020-09-17,18.0,21.3,0.0,2.1,270,17.5,1000.2,9.35,8.4,21.5
2020-09-18,19.0,21.5,0.0,2.8,250,15.5,1002.7,21.24,3.1,22.4
2020-09-19,19.0,21.2,0.3,2.2,250,14.3,1004.9,21.25,1.5,21.8
2020-09-20,18.0,19.7,0.0,2.0,290,12.8,1007.0,22.19,0.0,21.2
2020-09-21,23.0,19.1,0.0,1.7,50,12.0,1008.1,19.54,4.5,20.6
2020-09-22,18.0,20.2,0.0,2.8,50,12.7,1008.7,21.71,3.1,21.8
2020-09-25,14.0,20.1,0.0,2.5,50,14.9,1003.7,13.39,4.9,21.5
2020-09-26,17.0,19.3,0.0,2.4,50,13.7,1006.7,15.92,4.0,20.4
2020-09-27,16.0,20.4,0.0,2.0,50,14.8,1008.5,18.7,1.1,21.4
2020-09-28,27.0,20.7,0.0,2.0,50,15.7,1006.5,19.29,1.1,22.0
2020-09-29,37.0,19.6,0.0,1.9,290,15.1,1001.6,14.84,6.8,20.7
2020-09-30,36.0,19.6,38.3,1.7,20,17.4,1000.6,14.0,7.1,21.1
2020-09-24,12.0,20.6,0.0,3.7,50,14.4,1005.3,18.54,6.6,22.0
2020-09-23,11.0,19.2,0.0,3.3,50,13.3,1008.2,16.99,7.6,20.8
